title,PublishedAt,ID,views,likes,comments,Last_updated_Date
[미공개영상] 선수들에게 N년 전 영상을 보여줬더니 (+ 커피차),2024-11-25T09:42:00Z,z3Fw5_alYZo,67574,3137,169,2024-11-26
90년대생만 아는 노래? 노래만으로도 즐거운 챔필 훈련장 🎶,2024-11-24T08:08:00Z,MT9NIdXLzDY,94001,2856,195,2024-11-26
'KIA 옷 입은 강효종' 영상으로 전하는 첫 인사,2024-11-21T09:15:00Z,FnaQT05MLsc,126074,5657,745,2024-11-26
‘700만 조회수' 구독자들의 최애♥ 콘텐츠는? [무인갸메라],2024-11-20T08:55:00Z,YT_WpB8PTGY,69647,2494,216,2024-11-26
전속력으로 오키나와 언덕 질주하는 영상 ｜김태형 김민주 김현수 PD,2024-11-19T10:30:14Z,cYs8YIDrzaA,66595,1921,151,2024-11-26
이곳이 바로 펑고 지옥 😇 (positive),2024-11-18T09:15:00Z,226yd9Ks6eI,66589,1750,155,2024-11-26
카리나 김태형?,2024-11-17T08:56:00Z,o3-CSzNoeks,66058,2553,66,2024-11-26
투수 앞으로 공이 굴러왔다면? Pitchers Fielding Practice | 2024 오키나와 마무리캠프,2024-11-17T08:55:00Z,lWKIqLxc4CI,69089,1877,92,2024-11-26
매일 화이트보드에 선수들이 적는 것 | 2024 오키나와 마무리캠프,2024-11-16T11:00:03Z,1xXqFq3AHrM,41442,1593,59,2024-11-26
"신인 김태형의 마무리캠프｜포수 이상준과 불펜 피칭, 친해지고 싶은 선배?",2024-11-16T02:45:00Z,X_0_SeOtJ_E,83359,2408,108,2024-11-26
타이거즈로 돌아온 김주찬 코치 | 2024 오키나와 마무리캠프,2024-11-13T09:30:16Z,UhN-itGTg_M,171598,4297,375,2024-11-26
"캄캄한 밤, 오키나와에 울려퍼진 타격 소리🔥｜2024 오키나와 마무리캠프",2024-11-13T08:55:00Z,4DxdypxmxiM,106181,2882,240,2024-11-26
‘중계로는 볼 수 없음’ 2024 한국시리즈 외장하드 털이,2024-11-10T10:40:00Z,riTtE0QzuVc,161035,4362,381,2024-11-26
삐끼삐끼 추는 법,2024-11-06T09:20:01Z,4b5zAzpPqT8,65047,2476,46,2024-11-26
삐끼삐끼 추는 2025 신인 1라운드 김태형 (PD) 입단식 브이로그!,2024-11-06T09:14:41Z,DpXh9QyiYpM,101270,3292,291,2024-11-26
‘무한 재생될 우리의 불패신화’ 2024 기아타이거즈 한국시리즈 우승 하이라이트,2024-11-03T13:45:02Z,Hac_l6kFO6M,130260,5889,424,2024-11-26
팬들이 영원히 이범호 감독 응원가를 불러,2024-11-03T11:52:11Z,a54D1ng3EvE,96629,5280,73,2024-11-26
"프리미어12 국대 타이거즈 훈련 첫 날 🇰🇷 | 갸티비 만나 반가운 선수들, 전상현 섹시투수 피드 비하인드, 야유회 단체사진 공개",2024-11-02T09:07:00Z,guITorBdnyk,223531,6303,451,2024-11-26
"시구자가 무려 김응룡, 제이홉, 박신혜?",2024-10-31T11:27:54Z,_BgsYZsRtg8,71917,2568,56,2024-11-26
우승했잖아 한잔해~🍾🍷🍸  [2024 우승 기념 축승회],2024-10-31T08:45:03Z,zGj0S6Ph3Rg,433755,9995,980,2024-11-26
'챔필이 들썩였다' 한국시리즈 5차전 열광의 응원 현장,2024-10-30T13:35:00Z,Vjc0V-rVzlA,74891,3507,227,2024-11-26
기아 선수가 춥니다 ‘외쳐라 최강기아’,2024-10-30T12:55:46Z,3d5QQPepEBM,80216,4979,65,2024-11-26
'꼬부기가 한가득' 광란의 2024 우승 샴페인 세리머니 🍾,2024-10-30T10:53:03Z,VhWQyt0-F7k,172228,5226,356,2024-11-26
'현장감 MAX' 고프로 출동! [2024 한국시리즈 우승 시상식],2024-10-30T01:20:00Z,3Tw7Gi9X1jw,175992,6177,430,2024-11-26
"압도했다, 기아타이거즈! 통합우승 달성의 순간! 🏆 [KS 5차전 챔필덕관]",2024-10-29T06:47:20Z,OCWJSLuaCbM,317972,9732,827,2024-11-26
2024 한국시리즈 우승콜,2024-10-28T17:48:57Z,CWDAbmIgfvA,201860,10722,183,2024-11-26
"[KIA TVC] 야구를 사랑하는 모두에게, 기아타이거즈 V12",2024-10-28T16:21:42Z,H-9337JrF3c,91402,6770,351,2024-11-26
🏆 우승팀 누구? 🏆 ｜한국시리즈 5차전 하이라이트,2024-10-28T16:18:54Z,aRrteDRC3kQ,198364,5251,425,2024-11-26
"좋아요 11,000개 받은 우승 엠블럼 라인업송",2024-10-27T05:33:53Z,LUet73aVdm4,179613,11983,311,2024-11-26
"김태군: ""광주에서 트로피 들겠습니다"" 🏆｜한국시리즈 4차전 덕관",2024-10-27T02:57:03Z,SNLJ3lywnAI,263031,7314,531,2024-11-26
영상으로만 봐도 장관인 홀짝 응원,2024-10-26T16:23:50Z,8s6fl1K7j_4,162309,7678,225,2024-11-26
4차전도 이겼다!!!!!!! 승리 직후 선수들 반응,2024-10-26T13:51:09Z,LoXa7FXWw_Q,212786,6712,557,2024-11-26
인생 첫 만루홈런을 한국시리즈에서 때린 선수,2024-10-26T10:09:13Z,L6dXyyQBv8o,278070,14875,384,2024-11-26
"네일 승리투수, 김태군 만루포, 테스 4타점! | 한국시리즈 4차전 하이라이트",2024-10-26T09:58:23Z,mZX2ule1wsI,161254,4446,436,2024-11-26
상대팀에서 보는 응원은 이렇게 압도적입니다 | KS 1차전 응원캠,2024-10-24T13:15:04Z,PyMeWBrsMEo,191274,6372,493,2024-11-26
'2024년에도 양현종' KS 우승 확률 90% 🏆｜한국시리즈 2차전 챔필덕관,2024-10-24T10:07:09Z,houfuekJk_U,144879,4663,418,2024-11-26
1차전 분위기 전상현이 바꿨다!｜한국시리즈 1차전 챔필덕관,2024-10-24T03:49:45Z,qMuKwY0Yub8,178901,5204,577,2024-11-26
2차전도 이겼다!!!!! 승리 직후 선수들 반응,2024-10-23T15:01:44Z,fcm1a_s9cuY,158973,5157,414,2024-11-26
하루 2경기 전승! 🔥｜한국시리즈 2차전 하이라이트,2024-10-23T14:22:38Z,C-ug7Gc9268,106558,3077,293,2024-11-26
우리가 누구? 최강기아 🥇 ｜한국시리즈 1차전 하이라이트,2024-10-23T10:41:52Z,ZDJlEieZpeM,118238,3299,284,2024-11-26
1차전 이겼다!!!!!!!!!!! 승리 직후 선수들 반응,2024-10-23T09:57:20Z,IQEVXN7ZzJc,105394,4508,287,2024-11-26
D-day🔥🏆 한국시리즈에 임하는 선수들의 출사표,2024-10-20T15:00:06Z,7Thu4r7OWFo,103074,5055,753,2024-11-26
’우승하러 갑시다!‘ 2024 한국시리즈 미디어데이 현장,2024-10-20T14:31:18Z,lNaCjm-WDr8,114396,4148,382,2024-11-26
KIA 타이거즈 2024 한국시리즈 엔트리 🏆,2024-10-20T06:33:03Z,4WvdoRQosAc,115370,4741,727,2024-11-26
'KIA 이겨라!' 10월 19일 자체 연습경기 하이라이트,2024-10-20T02:24:23Z,lEt31uLFhEg,147810,3014,205,2024-11-26
오늘자 김두현 우취 슬라이딩 (을 몇번 했을까요),2024-10-18T12:01:41Z,mqTtfaVM_oE,64770,2354,165,2024-11-26
양현종 최다 탈삼진 기념 유니폼 출시! 👑,2024-10-17T05:00:13Z,EAxPI1mUFkQ,78604,2303,481,2024-11-26
한국시리즈 대비 연습경기 하이라이트 vs 롯데 자이언츠 241014,2024-10-14T22:50:00Z,-EinUqMsDCU,180987,3853,413,2024-11-26
"나야, 트리플J.. 장현식 전상현 정해영 챔필 신메뉴 맛보다!",2024-10-14T10:00:02Z,2NKeX9YNL0Y,134348,4579,414,2024-11-26
한국시리즈 대비 기아타이거즈 응원가 모음집 (2024년 10월 최신 ver.),2024-10-13T23:17:21Z,QH7DYaRnXMg,163460,4209,377,2024-11-26
"한국시리즈 D-10, 오늘도 내일도 훈련은 계속된다",2024-10-11T10:00:03Z,1efcEMM4ll4,129597,3306,1342,2024-11-26
김도영 30홈런 30도루 기념 유니폼 촬영 현장,2024-10-10T05:22:38Z,EfxioiJhApw,113615,3035,667,2024-11-26
한국시리즈 대비 연습경기 하이라이트 vs 상무 피닉스,2024-10-09T23:40:40Z,JAKY-5n0kso,281861,5197,429,2024-11-26
"저녁밥 친구 ‘타격 훈련’ 도착 💌 (DAY6 원필이 나성범에게 푹 빠진 장면, 윤도현이 외야에 간 이유 등 공개)",2024-10-08T09:10:00Z,Y2HpFIqdhfg,170105,4526,355,2024-11-26
🥇 1등 팀에게 올해 가장 기억에 남는 경기는?,2024-10-07T09:30:10Z,RMtv6b5PZ9M,174999,5001,591,2024-11-26
"'한 구 한 구 더 탄탄하게!' 내야수, 외야수, 포수조 수비 훈련",2024-10-06T12:05:05Z,OYOHUxqXees,158312,4271,304,2024-11-26
“기대됩니다” 투수들의 훈련 첫 날 현장,2024-10-05T11:32:43Z,zHPbzn82bm0,187234,4683,364,2024-11-26
한국시리즈 대비 훈련 계획 (일부만) 공개!,2024-10-04T14:56:09Z,RrCz6HO5tzM,134707,4712,352,2024-11-26
내 구위 어떤데,2024-10-02T10:01:01Z,qNFyBwe0Rpk,59625,1782,35,2024-11-26
'공 美쳤다..' KBO 우승팀 구위왕은 누구? [무인갸메라/광고],2024-10-02T09:30:31Z,sApul0TltNg,210359,4811,330,2024-11-26
야없날 첫날.. 괜찮아.. 딩딩딩딩딩..😭.. NCT WISH 시구 비하인드,2024-10-01T07:00:35Z,ppQnLcdSWV0,138968,8070,338,2024-11-26
다음 경기 안내: 한국시리즈 1차전 🏆｜ 9월 30일 KIA vs NC 챔필덕관,2024-10-01T03:15:13Z,Oh_HpDS_fKg,83798,2747,261,2024-11-26
"144경기의 마지막, 승리로 피날레! ❤️｜9월 30일 KIA vs NC 하이라이트",2024-09-30T14:20:25Z,AIdEpLU9qXM,36069,1254,140,2024-11-26
주니어들 어서와~🩷 송희 서준 이준 은성 이서 미르 로아,2024-09-29T09:30:05Z,9rncQpQtaDI,111599,3575,223,2024-11-26
"대역전극🔥  6회 6득점, 7회에도 6득점! ㅣ 9월 28일 기아 VS 롯데 하이라이트",2024-09-28T13:06:01Z,8sDKXawNh4Y,96552,2053,234,2024-11-26
응원가 처음 들은 선수 반응 (윤도현),2024-09-27T07:00:24Z,jJga_NNGZ7g,263059,11638,195,2024-11-26
"바쁘다 바빠 2025 신인의 하루 (삐끼삐끼, 이창진 등장곡 안무까지..?)",2024-09-27T02:45:00Z,7vQZGLx85V8,188980,3902,363,2024-11-26
해영이랑 도영이랑 사인해영,2024-09-26T13:08:09Z,vQs_nnqSusU,94271,4837,44,2024-11-26
이게 바로 그 '정규시즌 우승 트로피' 🏆 [한국시리즈 출정식],2024-09-26T13:05:23Z,af6BRVYgmHo,151557,4253,320,2024-11-26
크로우와 함께한(?) 한국시리즈 출정식 현장 반응,2024-09-26T04:17:48Z,3TZermxZmgE,92842,3140,203,2024-11-26
2024 한국시리즈 진출 엠블럼 공개!,2024-09-25T13:57:40Z,2WLNjFoKwck,41910,2456,133,2024-11-26
도현이도 잘하고 도현이도 잘하고🎶 | 9월 24일 KIA vs 삼성 챔필덕관,2024-09-25T03:10:41Z,4e7HF09PFGM,80699,2941,265,2024-11-26
김도현 7이닝 무실점 QS+ 인생투! 9월 24일 KIA vs 삼성 하이라이트,2024-09-24T13:09:05Z,eCKC_z2V9pA,38576,1313,160,2024-11-26
김도현 변우혁 정해영 얼굴로 FACE ID 열기 가능? 📱[실험갸메라],2024-09-24T12:32:36Z,84RKBUaO4Yc,99545,3432,203,2024-11-26
[LIVE] KIA 타이거즈 2025 신인 선수 환영식,2024-09-24T09:27:09Z,sfkhKAVXmHs,107802,3142,120,2024-11-26
[오피셜] 윤도현 응원가 공개,2024-09-24T08:10:55Z,lHfuN2P8J4s,166990,5055,500,2024-11-26
윤도현의 처음을 응원해,2024-09-24T03:05:53Z,LVeZxrz9EL4,79711,3234,90,2024-11-26
윤영철이 돌아왔다! | 9월 23일 KIA vs 삼성 챔필덕관,2024-09-24T03:03:07Z,FqQt6IUU6ko,117987,3880,342,2024-11-26
윤영철 복귀투 + 윤도현 첫 안타 + 김도영 38-40!｜9월 23일 KIA vs 삼성 하이라이트,2024-09-23T13:21:34Z,L6cTUpZUoww,63933,2202,201,2024-11-26
오늘 3루수 윤도현,2024-09-23T09:16:10Z,mH3E4dVSFXM,52870,3133,348,2024-11-26
‘응답하라 피치컴’ 최진혁 고경표 배우 시구 비하인드 📸,2024-09-22T13:06:47Z,dxsqJUZyPdA,91484,3084,250,2024-11-26
'이제 한국시리즈를 향해!' 정규시즌 우승 후 더그아웃비하인드 🥇,2024-09-20T03:12:00Z,1vjj-YFlCVs,202808,5489,0,2024-11-26
"(성범 고프로캠 有) 감사 인사, 단체 사진, 대형 두루치기, 함께 응원까지- 정규시즌 우승 그 이후!",2024-09-18T15:12:00Z,RSbI0e21AUs,213412,6548,1273,2024-11-26
이게 워터밤이야 샴페인 세리머니야🍾 (갸티비 ONLY),2024-09-18T09:51:35Z,W6eMpGGx0rU,364178,11253,922,2024-11-26
광주 토박이 한준수 김기훈이 구운 광주 육전 맛? 🍴,2024-09-18T07:30:08Z,Dru7TvHX7lY,159728,4598,310,2024-11-26
9월 17일 우승날 더그아웃 뒷편에선..🏆,2024-09-17T16:15:05Z,1-TGdXPiykg,294735,7149,433,2024-11-26
2024 KBO 정규시즌 우승에 이르기까지｜KIA 타이거즈 매드무비,2024-09-17T12:29:36Z,r7WZvVPNa0s,281622,13454,1035,2024-11-26
한 방에 승부를 뒤집은 이우성 역전 홈런! ｜9월 16일 KIA vs KT 덕관,2024-09-17T00:35:39Z,DPxBEvM8uMw,119807,3692,244,2024-11-26
"""울컥해요.."" 매직넘버 1 됐을 때 선수들 반응",2024-09-16T14:35:45Z,Wy2WPxTpDjw,146966,4863,289,2024-11-26
🏆 MAGIC NUMBER '1' ｜9월 16일 KIA vs KT 하이라이트,2024-09-16T09:24:23Z,Y-bQoLtvtko,91660,2831,213,2024-11-26
최형우가 끝냈다! | 9월 14일 KIA vs 키움 챔필덕관,2024-09-15T00:18:56Z,I59RNm0ZAck,87565,2909,195,2024-11-26
매직넘버 김선빈(3) 🏆｜9월 14일 KIA vs 키움 하이라이트,2024-09-14T12:02:42Z,FxR1n2YrvHQ,63381,2012,160,2024-11-26
최형우에게 물을 뿌리는 자 누구?🌊 끝내기 직캠!,2024-09-14T11:53:06Z,5UStx0Ncxds,90167,3414,208,2024-11-26
너구리 한 마리 몰고 가세요~💛 농심 스폰서 데이 (광고),2024-09-13T09:32:22Z,Bc4QXLcmCJ0,38277,1304,64,2024-11-26
오늘 점심 친구 ‘5연승 타이거즈’ 등장 👋🏻 | 9월 12일 KIA vs 롯데 챔필덕관,2024-09-13T03:16:47Z,7m4fTv3Yqrs,116362,3570,242,2024-11-26
라우어 9K 무실점! 5연승!｜9월 12일 KIA vs 롯데 하이라이트,2024-09-12T13:35:50Z,HBjNtfliO_8,82974,2455,179,2024-11-26
"‘역대 최다 신인 등장’ 2025 신인 드래프트 전략, 11명 신인 지명 이유 공개",2024-09-11T18:31:15Z,_ITR5g_ur-4,283705,6900,598,2024-11-26
"2025 신인 드래프트 D-1, 스카우트는 어떻게 신인을 선발하나",2024-09-10T09:00:05Z,3g7S-JohW08,162126,3917,400,2024-11-26
"네일 시구 누가 기획했나, 첫 불펜카 타본 느낌까지! 시구 비하인드",2024-09-09T03:00:34Z,igwOSISNlGo,168004,6738,647,2024-11-26
타이거즈 80승 선착하는 속도로 달려왔습니다｜9월 8일 KIA vs 키움 챔필덕관,2024-09-08T13:03:50Z,CusNOellj_c,136704,4588,314,2024-11-26
★80승★ 선착!｜ 9월 8일 KIA vs 키움 하이라이트,2024-09-08T09:08:30Z,tM5ByWJxdi8,53396,1703,112,2024-11-26
만원 관중 앞에서 KKKKKKKK! | 9월 7일 KIA vs 키움 챔필덕관,2024-09-08T00:00:32Z,gEFuKediyYM,117985,3265,164,2024-11-26
스타우트 KBO 첫 승 파티를 위해 분주해진 뒷편 공개🌊 🪣,2024-09-07T13:49:30Z,HKJLrH6ivUM,176010,3769,404,2024-11-26
구단 역사상 최다 매진! 스타우트 첫 승!｜ 9월 7일 KIA vs 키움 하이라이트,2024-09-07T13:04:12Z,yIbbSJEbnaU,38484,1342,84,2024-11-26
"황동하+한준수 배터리, 大勝 🏆 | 9월 6일 KIA vs 키움 챔필덕관",2024-09-07T03:24:19Z,w0EwPwppjnc,101176,3087,211,2024-11-26
73분 중단에도 5이닝 무실점! 연타석 홈런!｜9월 6일 KIA vs 키움 하이라이트,2024-09-06T15:17:33Z,lhThBwikcZk,60004,1651,113,2024-11-26
서건창이 또 끝냈습니다! + 라우어 퀄리티 스타트! | 9월 5일 KIA vs 한화 챔필덕관,2024-09-06T03:12:50Z,I6APaRr2eyA,106687,3515,240,2024-11-26
"10회말 안타, 희생번트, 그리고...!!!｜9월 5일 KIA vs 한화 하이라이트",2024-09-05T14:50:13Z,XeiHxAi8V1I,58415,1821,193,2024-11-26
[직캠] 서건창 끝내기 안타!!!!!,2024-09-05T13:57:56Z,JF7zsD5tZzQ,93796,3850,301,2024-11-26
우주소녀 시구 선생님 반응,2024-09-04T08:44:52Z,bMadx20lcIA,90750,2727,53,2024-11-26
홈 신기록 + 좌완 최초 10시즌 150이닝 🎉 | 9월 3일 KIA vs LG 챔필덕관,2024-09-04T03:12:37Z,I63JLMgN4Ao,90709,2887,271,2024-11-26
홈 최다 관중 달성! 3연승! ｜9월 3일 KIA vs LG 하이라이트,2024-09-03T14:12:59Z,2Y63Zb6Ia7M,71106,1688,204,2024-11-26
🎊 타이거즈 시즌 최다 홈 관중 신기록 🎊,2024-09-03T12:53:50Z,USDC6NZO35s,37134,2548,173,2024-11-26
'분위기 끌어올려🔥‘ 타이거즈 철권 대회 (본문 참고),2024-09-02T09:30:07Z,RiZzT4ru-0o,243597,6843,609,2024-11-26
KIA 타이거즈는 진짜 유명한 1위 맛집임 ｜ 9월 1일 KIA vs 삼성 하이라이트,2024-09-01T09:41:48Z,f6shbPSJNTg,196873,3888,392,2024-11-26
"찬호 둘째 이름은?, 형우의 퓨처스 기념구, EV3 받은 소감 포함 💪🏻 더그아웃비하인드",2024-08-31T16:00:14Z,_hsANfofYw8,207640,4961,267,2024-11-26
이겼습니다! ｜8월 31일 KIA vs 삼성 하이라이트,2024-08-31T14:40:10Z,bNvONkgX62c,273241,4116,465,2024-11-26
“아임 에릭 투(?)” 에릭 스타우트 합류,2024-08-29T09:32:05Z,1GVpHdsvXBE,129285,3791,477,2024-11-26
저력을 믿고 전력을 다해 오늘도 승리! 100만 관중 돌파! ｜8월 28일 KIA vs SSG 챔필덕관,2024-08-29T02:30:20Z,L0vHVQ2rqRQ,85215,2625,123,2024-11-26
'이미 선택된 좌석입니다' 이것 뭐예요~? 🍇｜곽도규의 주말 챔필 티켓팅,2024-08-28T16:04:58Z,AfPaDw2upuk,132459,3469,196,2024-11-26
선발 전원 안타🔥 + 김도영 최연소 최다 홈런｜8월 28일 KIA vs SSG 하이라이트,2024-08-28T15:36:18Z,PGM2XqUPVYc,47107,1333,99,2024-11-26
복귀전 첫 타석에서 홈런을 치는 선수가 있다? | 8월 27일 챔필덕관,2024-08-28T03:00:16Z,_il91ub9bFc,100997,3096,177,2024-11-26
단비같은 강우콜드 승리 ☔❤️｜8월 27일 KIA vs SSG 하이라이트,2024-08-27T14:13:24Z,BR2O5qLa_Uo,47380,1729,129,2024-11-26
데뷔 첫 1군 '유지성'을 소개합니다,2024-08-27T13:04:34Z,9z-OhetRKNs,63793,3234,141,2024-11-26
‘승리만 보인단 말이야‘ FT아일랜드 & 우성 딸 로아 갸티비 데뷔 👶🏻🎊,2024-08-27T03:00:23Z,gnTUj-N9ruY,64907,2405,159,2024-11-26
"다시 힘내봅시다! 우리의 내일도, 네일의 내일도 파이팅!  | 선수단이 네일에게 보낸 영상 편지 💌",2024-08-26T12:00:07Z,6zQt-oZF8sg,326372,17996,3641,2024-11-26
우리에겐 쨍쨍할 미래뿐! ☀ 다시 몸 만들고 있는 함평 퓨처스 근황 check,2024-08-26T09:30:07Z,RDgOq1DkTGo,100942,2977,258,2024-11-26
네일이 큰 부상 없이 건강하게 돌아오도록 응원해주세요｜8월 24일 KIA vs NC 하이라이트,2024-08-24T13:56:07Z,RDCGqg2ZzaY,109008,3040,800,2024-11-26
팀 컬러 '1등' 💐 70승 선착! ｜8월 22일 KIA vs 롯데 챔필덕관,2024-08-23T03:00:07Z,WUBd4Vc7_f8,116272,3472,440,2024-11-26
70승 선착! 6연승! 8월 22일 기아 vs 롯데 하이라이트,2024-08-22T14:55:47Z,4J4WYvbvJBc,64197,1904,195,2024-11-26
양현종 KBO 최다 탈삼진 달성 그 이후🎉 ｜홈인갸톡,2024-08-22T09:42:51Z,pQZMe1okf-A,39768,2071,129,2024-11-26
(양현종 축하 파티 포함) 19분으로 넉넉히 준비했습니다🎉🎂 8월 21일 KIA vs 롯데 챔필덕관,2024-08-22T03:26:39Z,6E9eMK-tw-8,170842,4698,640,2024-11-26
5연승 질주! 8월 21일 KIA vs 롯데 경기 하이라이트,2024-08-21T14:56:33Z,ByxpdghYPjc,96119,2291,194,2024-11-26
"’고민될 땐 둘 다~♥‘ 김도영 KBO 최초 월간 10-10, 사이클링히트 유니폼 착용샷 공개",2024-08-21T08:32:27Z,JKWpOLiy-eQ,148596,4914,507,2024-11-26
이준영 다소 흥이 많은 편,2024-08-19T09:53:30Z,QSLRtJ_m9Bs,63804,3049,55,2024-11-26
경기에선 볼 수 없는 최강 케미💕 이준영 전상현 환상의 짝꿍,2024-08-19T09:30:27Z,1DfJ8ejWcpQ,130985,3953,385,2024-11-26
내가 ‘S’면 넌 나의 ‘WEEP’이 되어줘🔥 | 8월 18일 KIA vs LG 원정덕관,2024-08-19T02:57:32Z,C3p4f3OImpU,136599,3740,306,2024-11-26
영봉승으로 스윕! 8월 18일 기아 VS LG 하이라이트,2024-08-18T13:53:54Z,adCE_HSoTVM,71372,1781,151,2024-11-26
"스윕👏 라우어 첫 승 소감, 최원준과 케이크, 정해영 이발 사유 外  더그아웃 비하인드",2024-08-18T12:46:54Z,LvNnEj_PFX0,117630,3753,215,2024-11-26
본인 컬러링 부르는 전상현,2024-08-18T07:00:00Z,0MiHzzhG8ck,100500,3105,95,2024-11-26
도파민 급속 충전🔋 라우어 첫 승과 함께 타선 대폭발!!  | 8월 17일 KIA vs LG  원정덕관,2024-08-18T02:59:11Z,6XHEiGiOGM0,123235,3665,206,2024-11-26
라우어 첫 승 축하해🫶 축하파티 비하인드,2024-08-17T16:07:34Z,wqZPoAHHPg8,207483,4838,446,2024-11-26
KKKKKKK 라우어 첫 승! 8월 17일 기아 VS LG 하이라이트,2024-08-17T13:54:22Z,mGgY9TgMTMA,159019,2936,262,2024-11-26
김도영 30-30 그 후 이야기 | 원정갸톡,2024-08-17T06:46:16Z,RyHRGquegjI,69148,3544,213,2024-11-26
반짝반짝 나스타 아름답게 빛나네✨ | 8월 16일 기아 VS LG 덕관,2024-08-17T02:59:49Z,ZicAamk4oSY,162143,4698,400,2024-11-26
나캡틴 역전 홈런! 기아 VS LG 8월 16일 하이라이트,2024-08-16T13:29:05Z,TMx6ynEbNFk,114827,3358,403,2024-11-26
김도영 홈런 타구 속도로 달려왔습니다 | 8월 15일 기아 VS 키움 덕관,2024-08-16T03:22:27Z,M4KwVMoeohI,155018,4254,272,2024-11-26
"김도영 30-30 축하현장, 네일 10승 인터뷰, 라우어가 느낀 한국 응원  外 키움전 더그아웃비하인드",2024-08-15T15:25:24Z,e-RSS-o7kS8,252659,6566,334,2024-11-26
'The Young King' 김도영 최연소&최소경기 30-30 모아보기,2024-08-15T15:16:30Z,zYKlYaOWPw0,147376,5089,292,2024-11-26
“무조건 삼각형!🔺” 사인 18년차 양현종이 알려주는 사인 요청법,2024-08-15T13:34:18Z,KBcxZreGPyg,256684,8405,633,2024-11-26
17안타 12득점 타선 & 김도영 30-30! 기아 VS 키움 8월 15일 하이라이트,2024-08-15T12:05:10Z,AUq0HqwasQ8,91774,2698,231,2024-11-26
최연소 & 최소경기 30홈런-30도루 누구?,2024-08-15T11:04:49Z,g0T477BUVz8,164071,10065,276,2024-11-26
10승 외인 투수 생겨서 기쁜 분들 클릭!  | 8월 13일 기아 VS 키움 덕관,2024-08-14T02:55:00Z,Ew-DILwNocU,62253,2384,236,2024-11-26
"홍종표 응원가 안무, 박정우가(?) 알려드립니다 🎵🎤",2024-08-13T14:00:08Z,8XJPbBCEi2s,123943,4188,583,2024-11-26
네일 10승! 기아 VS 키움 8월 13일 하이라이트,2024-08-13T13:29:50Z,VApSn0wx4qs,30556,1166,159,2024-11-26
출근길에 선수들에게 활을 쥐어줬더니 🎯🏹 (파리올림픽 안녕 👋🏻),2024-08-12T09:30:02Z,4N3CZ54LebM,172109,4062,274,2024-11-26
"프로미스나인, 배우 강예원, 쇼미 조광일이 함께한 핫 서머 페스티벌 🌊",2024-08-12T03:00:07Z,C91tbMYaZ1g,117405,3342,163,2024-11-26
9일 삼성전 끝내기 워터 캐논으로 다시보기 🎉🥽🌊,2024-08-11T08:45:57Z,dZE67Ob4oSg,36659,1108,0,2024-11-26
비를 뚫고 변우혁 박정우가 달렸다! 폭우 슬라이딩 포포몬쓰! 🥽,2024-08-10T10:38:58Z,MWRvJncwW-k,95136,2661,144,2024-11-26
더위가 뭐죠? 끝내주게 시원한 끝내기 등장! 🌊｜8월 9일 챔필덕관｜KIA VS 삼성,2024-08-10T03:11:01Z,D6JHCDKiCfo,116547,3123,294,2024-11-26
"끝내기 그 후 덕아웃 열기! 핫 서머 제대로 즐기는 네일, 김도영 헤드퍼스트슬라이딩 벌금, 건창 태군 89즈",2024-08-09T15:11:10Z,xdokN6B1dCk,121710,3156,345,2024-11-26
나성범 동점타! 서건창 끝내기!🔥 8월 9일 KIA vs 삼성 하이라이트,2024-08-09T14:26:52Z,ouTO0_Q1L2M,63476,1743,194,2024-11-26
9회말 끝내기!!!!!!! 현장 직캠,2024-08-09T14:10:11Z,Vme7leFC5Gs,66553,2780,220,2024-11-26
오늘 선발 유격수 2024 신인 김두현,2024-08-09T08:42:10Z,wQwsqfNWmIE,72581,2630,82,2024-11-26
에릭 라우어 팀 합류 첫 날,2024-08-08T02:00:23Z,pBadQT8uc90,118964,3657,507,2024-11-26
"3번의 위기, 0번의 실점! 김도현 시즌 3승 🎉 ｜8월 6일 챔필덕관",2024-08-07T07:19:50Z,stomWiFOZK0,28222,828,172,2024-11-26
GOOD BYE 알드레드｜알드레드의 마지막 인사,2024-08-07T06:37:08Z,MCOB-0dgK0s,96086,4121,595,2024-11-26
김도현 정해영 곽도규 장현식 이준영 전상현 무실점!｜8월 6일 KIA vs KT 하이라이트,2024-08-06T13:28:49Z,vkmSAPqZtbc,46684,1331,171,2024-11-26
❌ 무서운 것 못 보는 분은 클릭 금지! ❌ 심야괴담회 with 삼성라이온즈,2024-08-05T09:30:13Z,g-YSMwAOKWo,262047,5687,338,2024-11-26
지예은과 하트 사진 찍은 황동하? | 더그아웃비하인드,2024-08-04T09:30:17Z,yrV-3rjesXA,135369,2870,172,2024-11-26
등장곡 자랑하느라 신난 전상현 최초공개,2024-08-03T14:38:39Z,fdfVcWeKvuw,112277,3572,268,2024-11-26
장현식이 류지혁에게 직구 던진다고 했더니,2024-08-03T14:21:59Z,aznHcrWJDd4,241619,6457,76,2024-11-26
"양현종이 막고, 김도영이 쳤다!｜ 8월 3일 KIA vs 한화 하이라이트",2024-08-03T14:07:02Z,brbNonx4Dc8,83678,2202,217,2024-11-26
‘꿀조합 특집’ 박찬호 박정우 홍종표의 저품격 ASMR 🍴🩷,2024-07-29T09:30:25Z,wDgL73uezgU,256986,5532,971,2024-11-26
일요드라마: 9회 2사는 역전을 싣고 | 7월 28일 KIA vs 키움 원정덕관,2024-07-29T02:00:18Z,kFBTXpqyRd0,195673,4708,417,2024-11-26
60승🔥 백투백 홈런으로 역전! 기아 VS 키움 7월 28일 하이라이트,2024-07-28T09:03:34Z,zP9Hw51xxe0,97132,2654,261,2024-11-26
강우콜드 8연승 완전 럭키기아잖아 🍀 | 7월 24일 KIA vs NC 챔필덕관,2024-07-25T03:04:59Z,Rw3uEem2G-o,100430,2685,254,2024-11-26
챔필에서 DAY6 한 페이지 선곡한 사람 ⬆️,2024-07-24T14:14:04Z,fLh1RZU6rGg,106217,3285,184,2024-11-26
현종: 타이거즈 소리질러,2024-07-24T13:55:04Z,W84RrAiCQLw,213869,7965,68,2024-11-26
"최형우 변우혁 도루, 갸티비 덕분? (아님) | 홈인갸톡",2024-07-24T13:34:06Z,2WfkorWz-7I,68155,2427,129,2024-11-26
알드레드 5이닝 완봉승✨｜7월 24일 KIA vs NC 하이라이트,2024-07-24T12:55:34Z,eGgDsnrXXvA,42581,1251,130,2024-11-26
광주 소씨가 우취 예측하는 법,2024-07-24T08:55:32Z,zzSataMFmaU,269091,7828,48,2024-11-26
🥇 7연승+김도영 사이클링히트+양현종 완투승 | 7월 23일 챔필덕관,2024-07-24T03:12:16Z,JsoBGuRwcZ8,230173,6173,594,2024-11-26
타이거즈한테 벽이 느껴져요 완벽..★ ｜7월 23일 KIA vs NC 하이라이트,2024-07-23T13:30:48Z,YXRm-S4d7jA,85867,2666,249,2024-11-26
(4타석 모음)🏅 김도영 KBO 최초 최소 타석 내추럴 사이클링 히트! 🏅,2024-07-23T13:04:08Z,SyIfU0SkWPk,132041,6537,507,2024-11-26
우리 팀 달리기 순위 줄 세워본 결과.. 🏃🏻‍♂️ [무인갸메라],2024-07-22T09:30:13Z,oHStKpqZ_Gk,501540,7339,584,2024-11-26
최형우 역전 쓰리런! 7월 21일 KIA vs 한화 하이라이트,2024-07-21T13:09:47Z,sfp7efEWm_I,110788,2415,294,2024-11-26
"테스 만루홈런 반응, 나성범 중계 감독 데뷔, 최원준 갸티비 MBTI도 맞혀... [더그아웃 비하인드]",2024-07-20T14:25:50Z,yCQ6m4N5r2o,166000,3771,244,2024-11-26
'6이닝 QS' 네일 9승! 팀 5연승!｜7월 20일 KIA vs 한화 하이라이트,2024-07-20T14:01:22Z,L_iZDtf6jy4,36856,1012,88,2024-11-26
[새 영입] 외야수 예진원입니다,2024-07-20T03:00:08Z,J4w6bAvkA7k,71575,2455,244,2024-11-26
'새 선발' 김도현 5이닝 쾌투! 7월 19일 KIA vs 한화 하이라이트,2024-07-19T14:14:28Z,hrHhOBYvvW0,55968,1550,164,2024-11-26
귀여운 새얀이는 크게 보라고 배웠습니다,2024-07-19T04:16:18Z,XjYCOZJedr8,453558,19892,215,2024-11-26
"최원준 동점 홈런, 우천 중단에도 공격력 MAX!  | 7월 18일 기아 vs 삼성 챔필덕관",2024-07-19T03:34:26Z,DfSbCWSlj4U,143626,3423,187,2024-11-26
3연승 ✨ 7월 18일 KIA vs 삼성 하이라이트,2024-07-18T15:19:16Z,bEI65B_t4Bo,46903,1247,110,2024-11-26
달빛시리즈 5전 5승 🔥｜최형우 전상현 팬사인회 ｜호걸이 블레오 시구 비하인드,2024-07-18T14:12:10Z,-8hothek3yk,91734,2791,160,2024-11-26
만루홈런 클린업 보유 구단 어디? 🕶️ | 7월 17일 챔필덕관,2024-07-18T03:00:43Z,k5Sg7owsoaE,115130,2900,458,2024-11-26
홈런 쳤더니 EV3를 준다구요? 🚘 7월 17일 KIA vs 삼성 하이라이트,2024-07-17T14:12:33Z,Bekopa1R5V4,61447,1696,143,2024-11-26
"우리는 가족 구단👩🏻‍❤️‍👨🏻 양현종, 현건 양효진 만나다",2024-07-16T09:18:23Z,M7nPBlkFWeQ,254234,3093,213,2024-11-26
김도영 시구 시타 선생님과 걸그룹 ARTMS 🫢🌙,2024-07-15T12:36:39Z,QigqBnbNx04,155943,3284,258,2024-11-26
‘오른손 최형우’ 이우성의 모든 것 (진심 100% 인터뷰),2024-07-15T09:30:10Z,bNcNFjfbvw0,93398,3409,382,2024-11-26
일요일에 이겨서 기분 좋은 분들 클릭!  | 7월 14일 기아 vs SSG 챔필덕관 👉🏻,2024-07-15T03:16:43Z,H4MQ29WepuY,154580,4036,288,2024-11-26
14일 SSG전 역전 순간!,2024-07-14T14:21:42Z,oF2dVLpGLVw,104071,3640,64,2024-11-26
7회에 뒤집어버렸다! 기아 vs SSG 7월 14일 하이라이트,2024-07-14T13:20:36Z,6mvhs0EuArU,135616,2336,167,2024-11-26
때때 영상이 안 끝나요..,2024-07-14T12:22:08Z,4vaA2zEIt2Y,388861,20474,203,2024-11-26
스윕🔥 KKKKKKKKK KING드레드 납시오｜7월 11일 기아 VS LG 덕관,2024-07-12T03:38:19Z,68YmNMtTzXw,91121,2590,240,2024-11-26
6연승!  7월 승률 100%! 기아 VS LG 7월 11일 하이라이트,2024-07-11T13:26:47Z,Xj1n3IReywU,54967,1451,243,2024-11-26
"최원준이 양현종 바지 입은 사연, 김도영-키움 송성문 그 이후 外 더그아웃비하인드",2024-07-11T12:33:51Z,NxYjygn8u-I,122961,3353,224,2024-11-26
10회 대역전극! ★50승★ 선착!｜7월 10일 기아 VS LG 덕관,2024-07-11T03:13:48Z,0tjtAEIe4-4,293736,5981,519,2024-11-26
9회에 동점! 10회에 역전! 우리는 ‘역전’ 타이거즈! 기아 VS LG 7월 10일 하이라이트,2024-07-10T14:28:53Z,pHvXvFNZsW4,117527,2895,309,2024-11-26
🔥 만루홈런 포함 17안타 🔥 | 7월 9일 덕관 | 기아 vs LG,2024-07-10T03:07:35Z,4DIbsVhygeE,175720,3682,252,2024-11-26
🔥4연승🔥 최형우 만루홈런 기아 VS LG 7월 9일 하이라이트,2024-07-09T13:51:27Z,nPUlqdaMZGY,73412,2056,186,2024-11-26
네일 집 최초 공개! 네일 & 알드레드랑 챔필까지 출근길 토크 🚖,2024-07-09T13:07:23Z,mulvWYde3eM,215400,7562,571,2024-11-26
나성범 아들 나정재가 올스타전에서 만난 선수들 (거의 전구단..!),2024-07-08T12:00:39Z,ZenwDeGt5MQ,150117,4309,223,2024-11-26
새얀 이서 이준 하늬 정재! 오직 갸티비에서만 공개 🤗,2024-07-08T09:30:09Z,XeZYgYSqOfI,712019,10521,542,2024-11-26
"퍼포먼스 준비과정 대공개! 미스터 올스타 최형우와 아이들, 선업튀+도니살 김도영, 섹시 라이팅 당한 전상현 외 ✨",2024-07-07T11:43:15Z,41TMMIi5_rc,223551,5328,352,2024-11-26
"경기 전에 뭐했냐면... 출근길부터 돔과 지리, 한화 페라자-나성범의 웨이트 토크, 나정재 사인(?) 공개, 썸머레이스 탈락 후🔥",2024-07-07T08:26:45Z,ZCKifumD7BA,162944,3571,161,2024-11-26
역대 최다 선수 참여 포포몬쓰,2024-07-07T05:34:01Z,-ME6Rs3YspA,39308,1795,91,2024-11-26
홈런 몇 개 칠 수 있어요? 100개!!!!! | KIA표 두루치기 등장ㅋㅋㅋ 김도영 홈런더비 데뷔전 현장 반응,2024-07-06T13:26:34Z,ZiCgEvcqaJk,204183,4872,231,2024-11-26
"둘 중 난이도 최상은? 23,000명 앞에서 야구하기 vs 랜필네컷 찍기 [2024 퓨처스 올스타전]",2024-07-05T22:10:45Z,qJy91xIGQ6A,49887,1644,111,2024-11-26
9회 2아웃 5득점 대역전극!🔥기아 VS 삼성 7월 4일 하이라이트,2024-07-04T13:26:18Z,pRQtMZKaY0Y,189065,3067,360,2024-11-26
🎊 ‘전반기 1위 확정' 기아 vs 삼성 7월 3일 하이라이트,2024-07-03T14:02:26Z,lHvbYkV2AFY,70565,1604,126,2024-11-26
그때 그 ㅅ1절..☆ 칠판 지우개 어떻게 터셨어요? [실험갸메라],2024-07-03T13:54:24Z,lMdSPFtBy7c,158720,3460,218,2024-11-26
0:4 → 9:5 역전! 7월 2일 기아 VS 삼성 하이라이트,2024-07-02T15:13:56Z,eD5NS_d6CZ8,198080,2832,303,2024-11-26
"🥇1위 타이거즈 응원하는 분 들어오세요🥇| 한준수, 정해영, 황동하, 김도영이 들려주는 경기 이야기",2024-07-01T09:30:36Z,2t6Y-TRRs7E,311088,6077,462,2024-11-26
'백탁 양선생' 양현종이 18년째 선크림 바르는 방법 [훈남생정],2024-06-30T07:00:13Z,EvtZk7VhvUA,264342,4209,291,2024-11-26
"김도영 20-20 덕관, 만루홈런 파티, 양현종의 올스타전 투표 감사, 팬에게 감동 받은 이우성 外 [더그아웃비하인드]",2024-06-24T09:30:05Z,AzCb-v1IaEQ,187464,4227,503,2024-11-26
승리 투수 임기영 & 팬 연호가 쏟아진 불펜진｜6월 23일 DH 2｜챔필덕관,2024-06-24T02:30:20Z,o1-afNSIKLY,61018,1750,218,2024-11-26
6월 23일 더블헤더 2차전 기아 vs 한화 하이라이트,2024-06-23T13:46:34Z,94vWyfiVvjs,19561,680,79,2024-11-26
김도영 20-20 달성!,2024-06-23T13:43:44Z,m4wtG6UsFlE,98713,5213,123,2024-11-26
탕탕 홈런 홈런 탕탕 홈런 홈런 홈런 | 6월 21일 기아 vs 한화｜챔필덕관,2024-06-22T03:34:40Z,SH9NqNQJkrU,146539,3445,252,2024-11-26
소크라테스 연타석 홈런! 🔥 6월 21일 기아 vs 한화 하이라이트,2024-06-21T13:40:14Z,Hs36pzU42dg,62460,1717,129,2024-11-26
(시청 N회 권고) 가히 올해 레전드 경기! 역전하고 또 역전!  | 6월 20일 기아 vs LG｜챔필덕관,2024-06-21T03:06:41Z,A5ZTgfHHBaQ,177879,4970,424,2024-11-26
역전은 백투백이 제맛,2024-06-20T13:40:26Z,10Gfk2-cPFc,130539,6514,178,2024-11-26
올해 첫 만루홈런의 주인공,2024-06-20T13:38:51Z,WVc0aEdLrJ0,157247,8208,186,2024-11-26
홈런 3방 재역전극! 🔥 6월 20일 기아 vs LG ｜경기 하이라이트,2024-06-20T13:29:15Z,lr0sLoI-2Fs,96778,2689,297,2024-11-26
2024 올스타전 출전 호랑이 공개! (feat. 퍼포먼스 추천),2024-06-19T07:38:58Z,gsRpqGmsAXU,74976,2234,329,2024-11-26
박민 데뷔 첫 3안타 & 호수비까지! 타선 폭발하며 4️⃣연승! ｜6월 18일 기아 vs LG ｜챔필덕관,2024-06-19T03:05:58Z,t7wSmKebzGw,69524,2261,178,2024-11-26
♨️4연승♨️ 6월 18일 기아 vs LG 하이라이트,2024-06-18T14:14:15Z,3KLivnuDvfI,44678,1553,129,2024-11-26
"올해 싹 바뀌었다! 챔필 먹거리 크림새우, 원샷치킨, 떡볶이, 츄러스, 햄버거, 피자 다 먹어드림 🙆🏻",2024-06-17T09:30:06Z,4I9XA-bwi8U,153953,3045,210,2024-11-26
주말 시리즈 모두 싹쓸이 🧹 | 6월 16일 덕관 | 기아 vs KT,2024-06-17T03:02:31Z,MS5G85O7lLg,77375,2354,171,2024-11-26
"⭐️스윕 기념⭐️ 짱구가 된(?) 황동하, 최형우의 배팅볼 실력 등 | kt전 더그아웃비하인드",2024-06-16T14:05:24Z,3iUiZ3Ow1EE,94294,2769,218,2024-11-26
"[하이라이트] 6월 16일 기아 vs KT ｜kt전 스윕, 황동하 3승",2024-06-16T12:49:25Z,avRrgd7KWVo,26900,1114,98,2024-11-26
1점차 승부를 지켜내며 2연승! | 6월 15일 덕관 | 기아 vs KT,2024-06-16T02:50:00Z,3HGvuYj9VmU,67292,2081,216,2024-11-26
[하이라이트] 6월 15일 기아 vs KT ｜윤영철 시즌 6승 | 팀 40승,2024-06-15T12:33:38Z,ow8xuzRAYWU,40294,1550,130,2024-11-26
알드레드 KKKKKKK 무실점 + 최형우 오늘도 6타점!｜6월 14일 덕관｜기아 vs KT,2024-06-15T03:00:12Z,L_AuYSWS3KI,72255,2169,140,2024-11-26
첫 승은 못 참지 💦 알드레드 첫 승 축하파티 비하인드,2024-06-14T15:59:08Z,13TCWlKJiTE,107565,2656,233,2024-11-26
"알드레드&네일 경복궁 탐방, 두산 허경민 선수 글러브 받은(?) 김도영, 아빠가 된 이우성 外 [더그아웃비하인드]",2024-06-14T14:14:09Z,CPeld0Ax_gI,145093,3377,210,2024-11-26
기아는 1️⃣위가 딱이야! ｜6월 12일 덕관｜기아 VS SSG,2024-06-13T03:07:48Z,5IgcbdwTIQE,96478,3023,315,2024-11-26
"Bubble Gum 숏츠 비하인드, 동성중 선배와 후배가 만났더니 外 [더그아웃비하인드]",2024-06-12T14:36:05Z,jo1-k4XBLhY,81589,2209,98,2024-11-26
최형우 그는 신인가,2024-06-12T14:30:08Z,R5yIyBx6N1c,108431,4639,152,2024-11-26
"17년 동안 매년 10개가 넘는 홈런을 날린 선수, 최형우",2024-06-12T03:30:15Z,Zd0OeN49G5s,30508,1717,247,2024-11-26
꽁꽁 얼어 붙은 한강 위로 곽도규가 걸어다닙니다,2024-06-10T09:31:00Z,cJaY6Clz4pg,124291,7059,193,2024-11-26
"04년생 친구 윤영철 곽도규의 쿵짝 케미 | 새우 논쟁, 핸드폰 이름 저장명, 나만 아는 비밀 공개",2024-06-10T09:30:15Z,wDfgV86na4A,138598,3937,280,2024-11-26
"잠실에 울려 퍼진 윤영철 연호 소리? + 나성범, 최원준 3타점 | 6월 9일 덕관 | 기아 vs 두산",2024-06-10T03:00:12Z,9p2pRIz64tA,64639,2054,180,2024-11-26
저도 올스타전 가고 싶어요,2024-06-10T01:00:06Z,7OLLwsFpgEI,384133,14587,321,2024-11-26
동하 입꼬리 어디까지 올라가는 거예요? Billlie 시구 비하인드 🎥,2024-06-07T03:30:27Z,egGfDhYT3qQ,63660,1516,233,2024-11-26
"내야즈의 대활약! | 6월 6일 챔필덕관 | 박찬호+김도영+김선빈 홈런, 양현종 QS, 정해영 세이브",2024-06-07T01:07:47Z,8WONiL9tGUw,82536,2294,194,2024-11-26
“롤 티어 어떻게 되세요?” 챔필에 킹겐 & 쇼메이커가? | 프로게임 구단 Dplus KIA 시구 비하인드,2024-06-06T09:53:10Z,jt-cDU7G5f0,37569,1117,113,2024-11-26
캠 알드레드의 첫 훈련 날 (feat. 입단 선배 네일),2024-06-05T07:05:24Z,yqhZrTq2vIk,83681,1890,263,2024-11-26
단 1분만에 올스타전 분량이 늘어나는 초대박 투자법!📈,2024-06-03T12:00:51Z,ihYBw4NuGxM,46477,2165,230,2024-11-26
“형이 무슨 F예요ㅋㅋㅋㅋ” MBTI T/F 감별사 등장 | 🆕무인갸메라,2024-06-03T09:30:14Z,ebN-HzAjBWA,246494,3811,286,2024-11-26
"네일 7이닝 퀄리티스타트플러스, 김선빈 3안타 2타점! | 6월 1일 챔필덕관",2024-06-02T03:43:15Z,Ste5jgOfXqw,63516,2130,203,2024-11-26
8회초 모든 아웃카운트를 만든 홍종표!,2024-06-01T12:07:15Z,R80C6LNti8c,150067,4886,189,2024-11-26
"🎓 서교수 별명 어때요, 서건창 MBTI, 기아에 온 기분, 요즘 삶의 낙 外 [검색어를 입력하세요]",2024-05-30T13:00:43Z,xsncfn9HerY,120402,4407,434,2024-11-26
캠 알드레드와의 첫 만남!,2024-05-29T08:03:18Z,qvu1G4w1UJA,45935,2152,95,2024-11-26
"✌🏻오늘도 이김✌🏻 NC전 스윕 시리즈, 외야 담장을 넘은(?) 박찬호, 이우성 역전 쓰리런 덕관 [더그아웃 비하인드]",2024-05-28T13:51:17Z,TBe_j9Zu1-4,142203,2986,192,2024-11-26
KBO 최초 프리미엄 버스 공개! 이번엔 투수 버스다!,2024-05-27T09:30:02Z,2Ld_Fthy8og,283275,4565,240,2024-11-26
네일 + 나성범 + 최형우 + 박찬호 = 승리 🔥 | 5월 26일 챔필덕관 (feat. 새얀이),2024-05-26T23:00:13Z,G70mYJohtTM,130827,3593,261,2024-11-26
네일의 스위퍼 시구? 승요 ATEEZ(에이티즈) 윤호의 시구 비하인드 🍀,2024-05-26T04:10:31Z,vo-oR5o5Pi4,57436,4729,210,2024-11-26
’연패 스토퍼‘ 양현종 7이닝 투구! 오늘도 ㄱ1아타이거즈｜5월 25일 챔필덕관,2024-05-25T14:30:26Z,kp-iwav54yc,83328,2678,281,2024-11-26
"챔필에서 하는 퓨처스 경기가 있다?｜이의리 첫 실전, 24 신인 조대현 최지웅, 군 전역한 오규석 등판",2024-05-25T12:29:59Z,3NEqVkwH66Y,83487,1507,118,2024-11-26
콩국수에 설탕 vs 소금? 짬뽕 vs 짜장? 기아 선수들의 먹취향은? 🍴,2024-05-20T09:30:00Z,-QNPPM6T3BE,188420,3800,435,2024-11-26
2위와 승차를 벌린 싹쓸이 스윕!!!!ㅣ5월 19일 덕관ㅣ기아 vs NC,2024-05-20T00:00:32Z,xRKZoeRWI6w,98858,3058,255,2024-11-26
우성신 9회 투아웃에서 역전 홈런!,2024-05-19T09:21:18Z,bya4ZuL-8b0,126659,5630,217,2024-11-26
황동하 데뷔 첫 승 경기! 3연승!❤️ | 5월 18일 덕관 | 기아 vs NC,2024-05-18T22:00:22Z,Oa8CnZMfHyk,103458,3101,178,2024-11-26
🎊 황동하 데뷔 첫 승 축하파티 현장 🎊,2024-05-18T14:29:33Z,RHDZSBuN7lM,113140,3425,283,2024-11-26
[오피셜] 기아타이거즈 박정우 응원가,2024-05-18T06:00:18Z,k89C8m2GEik,115046,2836,191,2024-11-26
1위가 누구라고요? 💪🏻 | 5월 17일 덕관 | 기아 vs NC,2024-05-18T00:00:16Z,Yy_fV4ARx4Q,103938,2970,220,2024-11-26
이우성 날다!,2024-05-17T15:20:43Z,zsP1ThRFovE,80188,2818,87,2024-11-26
'양현종 현실 친구' 배우 백성현 시구 뒷이야기 ☆,2024-05-17T14:40:46Z,sZXUsDzm50M,63150,1800,55,2024-11-26
(투런 포함 4타점) 나성범은 나성범이다! | 5월 15일 챔필덕관,2024-05-15T15:45:52Z,U1e86HleXPA,106337,3083,263,2024-11-26
나성범이 쓸어담은 4타점 그 순간! 관중석 반응 직캠 📸,2024-05-15T12:33:26Z,XwtxP7z3ob0,47217,2034,121,2024-11-26
🔊 갸티비 구독 안하신 분 찾습니다 ｜나성범의 구독 체크!,2024-05-15T09:50:09Z,99_agfDTSes,316935,7792,430,2024-11-26
나성범표 홈런 개시!,2024-05-14T11:29:49Z,2pj4NWg7pt8,86671,2739,54,2024-11-26
"박정우 슈퍼캐치 반응, 백투백 더그아웃 반응, 챔필 놀러온 새얀이 단독캠 📹 포함 더그아웃비하인드",2024-05-13T09:30:08Z,Ccs2Uvkrd8E,171012,2793,187,2024-11-26
🎊 황동하+김선빈+정해영=승리! 🎊 ｜5월 12일 챔필덕관,2024-05-12T14:45:02Z,_OtHhaY5lUc,28217,924,205,2024-11-26
오늘 1점차에서 5OUT 만든 수호신!,2024-05-12T09:14:01Z,m7zXAKtKMwc,56733,1703,19,2024-11-26
역대급 연장전! 8회초~12회말 몰아보기｜5월 8일 기아 vs 삼성,2024-05-11T13:30:08Z,imayp60NdwY,51964,1411,113,2024-11-26
박정우 홍종표 슬라이딩｜비 오는 날에도 직관 오신 분들께 드리는 선물 🎁,2024-05-11T10:06:47Z,n-UAYjxg24A,87713,2037,119,2024-11-26
'아시아 최초' 2루타 500개를 친 최형우 하이라이트 & 인터뷰,2024-05-11T08:37:14Z,QxYB1I5MPj8,15192,936,82,2024-11-26
♨️ ’특급 소방관‘ 정해영 KBO 최연소 100세이브 유니폼 공개 ♨️,2024-05-11T03:01:00Z,ZGHBdrxHhy0,35883,1046,151,2024-11-26
축 🎊김도영 KBO 월간 MVP! 🎊 10홈런-14도루 모음,2024-05-09T02:05:03Z,Esa397Rb6DE,69403,3781,318,2024-11-26
"'바쁘다 바빠 코치 사회' 트레이닝 코치의 하루 업무는? (물리치료실, 불펜장 최초 공개!💪🏻)",2024-05-06T09:07:09Z,kAzKnqo6Ay0,67221,2483,177,2024-11-26
"전광판에 선수 어린 시절 사진이? | 귀염뽀짝한 어린이 시구, 챔필 투어 후기 🐥🌱",2024-05-06T05:58:21Z,EcpOFoMQpc0,98289,2334,194,2024-11-26
군 복귀 후 첫 등판! '김도현' 주요 경기 영상 H/L,2024-05-05T05:22:50Z,WYSIbBbz55A,45209,1317,75,2024-11-26
홍종표 응원가 부르는 홍종표,2024-05-05T03:00:31Z,jeG-OADGeeI,166603,6179,257,2024-11-26
크로우 다승 1위! 15안타 터졌다! | 5월 4일 챔필덕관,2024-05-05T00:12:47Z,uWKY8SQra-0,101006,2435,162,2024-11-26
[직캠] 1회 시작하자마자 빅이닝 직관한 팬 반응 🔥,2024-05-04T13:32:49Z,8hsRvi_sNig,32803,1169,59,2024-11-26
1회부터 9회까지 단 한 명! 양현종 완투승 | 김선빈 최형우 홈런 포함 14안타! | 5월 1일 챔필덕관,2024-05-02T03:22:25Z,_Kti4ZERCTM,120639,3327,310,2024-11-26
3루는 내가 지킨다,2024-05-01T13:44:33Z,gapqwnW3W-c,136677,4812,95,2024-11-26
[오피셜] 기아타이거즈 홍종표 응원가,2024-04-30T03:00:15Z,ErVFEQQc498,153085,2675,510,2024-11-26
‘덕관 꿀팁 공개’ 더그아웃엔 선수마다 지정석이 있다? 🔍,2024-04-29T09:30:02Z,7aGtyRa0Dt0,257487,4228,152,2024-11-26
‘나성범이 왔다‘ 7회초 역전 현장 분위기 공개 🔥 | 4월 28일 덕관 | 기아 vs LG,2024-04-28T22:50:00Z,--fM7KqwjQ8,174906,3937,346,2024-11-26
♨️갓 구운 직캠♨️ 오늘 나성범 1군 복귀한 잠실 야구장,2024-04-28T12:00:21Z,NfDjuRjw1RI,86302,3376,245,2024-11-26
"🎊 '성덕' 곽도규, 빈지노 시구 선생님 된 날 ｜IAB STUDIO 브랜드데이",2024-04-28T09:37:36Z,GF4hNwClv30,69662,2087,110,2024-11-26
기록 타이거즈 스윕이요 스윕~~~ 🔥 | 4월 25일 기아 vs 키움 덕관,2024-04-26T03:52:41Z,BJv3ty_YXfQ,104309,3069,280,2024-11-26
세이브 100개를 ‘가장 어린’ 나이에 달성한 정해영 H/L (인터뷰 有),2024-04-25T14:27:19Z,rH6bNsZoCBs,33536,1730,147,2024-11-26
김도영 'KBO 최초' 월간 10홈런 & 10도루 동시 달성! (인터뷰 有),2024-04-25T14:20:39Z,qsiEWUU01Bc,59650,2495,196,2024-11-26
'통산 170승' 양현종 7이닝 6K 2실점 QS+ 하이라이트 🏆,2024-04-25T14:18:33Z,Eu59oDFgGSk,23063,1312,96,2024-11-26
"등장곡 바꾼 김도영, 정해영 물세례 그 후, 통역에게 깜짝 선물해준 크로우&네일, 최원준♥김도영 티격태격하는 더그아웃비하인드",2024-04-25T13:19:21Z,j-1VsSlmIH8,212087,4589,306,2024-11-26
한달 간 두자릿수 홈런 & 도루를 하는 선수가 있다?,2024-04-25T11:24:29Z,zZnlpBDqr1k,50455,2747,85,2024-11-26
KBO 친환경 캠페인,2024-04-25T07:22:46Z,7poUFvbgnIw,33435,1897,35,2024-11-26
(김도영 출연) 2024 KBO 친환경 캠페인 영상 🌏💚,2024-04-25T07:21:45Z,3YAYwHbBuVg,25591,1572,133,2024-11-26
"승리투수 윤영철, 김도영 결승타, 정해영 KBO 최연소 100세이브 💯| 4월 24일 덕관 | 기아 vs 키움",2024-04-25T02:50:00Z,ErrPSvIVyWc,106510,2989,348,2024-11-26
10회초 만루요? 해결사 최형우 등장하실게요 | 4월 23일 덕관 | 기아 vs 키움,2024-04-24T03:12:58Z,i1HaAqR1-Ac,96683,2648,236,2024-11-26
그... 섹시투수 티셔츠가 공개됐습니다  [더그아웃비하인드],2024-04-22T09:30:10Z,iRtPi-lc6LE,238391,4132,360,2024-11-26
⬅️ 요즘 이겨서 행복한 분들 클릭! | 4월 20일 챔필덕관 | 기아 vs NC,2024-04-21T00:31:48Z,aWzCvrQGVpM,117945,2909,310,2024-11-26
연장 끝에 이기면 얼~마나 재밌게요?｜4월 19일 챔필덕관 | 기아 vs NC,2024-04-20T03:02:10Z,V9WdbL9ZSsA,165669,3502,258,2024-11-26
아마도 올해 최고 데시벨🔥 (끝내기 챔필 관중석 직캠),2024-04-19T14:57:22Z,wzRODeuJFWg,69984,2138,100,2024-11-26
"10회말 끝내기 순간, 물 뿌리려 달려드는 직캠ㅋㅋㅋ",2024-04-19T14:17:17Z,z9c2rkF_rmI,70389,2311,139,2024-11-26
응원캠이 함께 한 두자릿수 득점! 4월 17일 기아 vs SSG 덕관 📹,2024-04-18T02:54:19Z,VHkkZVC63Ns,86925,2726,306,2024-11-26
41년 역사에 단 2명뿐인 4000루타 달성! 최형우 인터뷰,2024-04-17T15:48:57Z,6OYRZXBNJRI,41062,1739,112,2024-11-26
직관서 부르면 웅장해지는 최강기아 승리하리라 ♬ 직캠,2024-04-17T15:23:28Z,IRRg6vsnedw,67124,1623,81,2024-11-26
서건창이 먹고 감탄한 고종욱표 볶음밥 레시피,2024-04-15T09:32:00Z,gXGflkz10kA,51140,1656,33,2024-11-26
"짜장면, 볶음밥, 꿔바로우 만들어주는 남자 고종욱  (feat. 서건창 이창진)",2024-04-15T09:30:10Z,bouPClKQzfQ,205995,5203,532,2024-11-26
★V12 기원★ 이름에 '12'가 들어가는 팬이 있다?,2024-04-13T11:50:38Z,m2UBZusqyzU,42353,1050,76,2024-11-26
"한준수 응원가 반응은?, 김태군 홈런에 난리난 더그아웃, 불X볶음면 JMT을 외친 사람 外｜더그아웃비하인드",2024-04-12T14:06:06Z,NW23wx494u0,170700,3305,210,2024-11-26
여러분 스윕이에요!!! | 4월 11일 기아 vs LG 챔필덕관,2024-04-12T03:20:53Z,-lYXRCXwVww,95588,2456,226,2024-11-26
다이어트도 시켜주는 야구단,2024-04-11T12:58:13Z,T-Vabo3J7g4,148673,4147,90,2024-11-26
콜업날 맹활약하는 선수가 있다 #홍종표,2024-04-11T12:25:47Z,sQ-4AzA9eww,136608,3822,137,2024-11-26
그럼에도 승리! 10승 선착! 단독 1위! 🎉｜4월 10일 챔필덕관,2024-04-11T00:03:24Z,vzd8BPt7dnc,122963,2913,298,2024-11-26
등판하면 무조건 이기는 선발 투수 등장! 🫶🏻 ｜4월 9일 기아 VS LG 챔필덕관,2024-04-09T23:31:56Z,XhBvNNRkPiE,85331,2402,212,2024-11-26
네일 여권은 이제 우리겁니다,2024-04-09T14:30:14Z,82cQPS3RvDU,114828,3801,122,2024-11-26
출근부터 승리까지! 퓨처스 타이거즈 개막전 24시 🔥,2024-04-08T09:30:05Z,LCKkEgkRR9I,72515,1447,141,2024-11-26
첫 챔필 홈런 비하인드,2024-04-06T09:15:32Z,tLtA-HtqMPw,73058,3266,74,2024-11-26
"야구 잘한다 💯 김도영 최원준 홈런, 크로우 2승! ｜4월 5일 기아 VS 삼성 챔필덕관",2024-04-06T03:20:19Z,KgRK5Rw2XU4,67345,2028,209,2024-11-26
오직 타이거즈를 위한 최다 홀드 투수 '전상현' [홈인갸톡],2024-04-05T11:22:44Z,pPVQq7rOMa0,26872,1482,123,2024-11-26
챔필런 터졌다! (240405),2024-04-05T10:57:29Z,HYUSiXISpTs,60795,3153,79,2024-11-26
"팬분들 사진 찍어주는 이의리, 최지민 글러브 숨긴 정해영, 깨 쏟아지는 03즈♥ ｜KT전 더그아웃 비하인드",2024-04-05T04:15:01Z,f6AfeDBg8hw,77390,2046,102,2024-11-26
썸네일에 ✨빛✨만 넣었습니다 ｜4월 4일 기아 VS KT 덕관,2024-04-05T02:30:02Z,1G7JVvOw91c,65614,2034,150,2024-11-26
수비왕 박찬호 (240404),2024-04-04T15:16:52Z,Jf9o54sxKcc,174963,4551,101,2024-11-26
고기 먹으러 왔다가 2시간동안 MBTI 얘기하고 감.. | 이의리 황동하 최지민,2024-04-04T14:30:28Z,_wNrZNboX2k,134379,2500,106,2024-11-26
서건창의 날 (240403),2024-04-04T06:55:13Z,q7NTUbkzprM,64388,2292,32,2024-11-26
"'네일' 2경기 연속 퀄리티 스타트, '서건창' 3안타 3타점! 🔥｜4월 3일 기아 VS KT 덕관",2024-04-04T02:05:13Z,FSqqazm-w9A,64030,1960,181,2024-11-26
오늘 승요하신 분들? 👋🏻 CIX BX도요!,2024-04-03T13:22:28Z,kKPT1utWY1A,37053,1616,103,2024-11-26
이범호 감독의 모든 것!｜검색어를 입력하세요,2024-04-01T09:28:07Z,eo72B2gYMng,135195,3732,334,2024-11-26
⚡️위닝 시리즈⚡️3월 31일 기아 VS 두산 원정덕관,2024-03-31T16:34:40Z,2WBrdZaMdt8,83745,2663,249,2024-11-26
지더라도 다시 이기면 됩니다. '팀 타이거즈' 잠실 원정 비하인드🥤,2024-03-31T13:54:54Z,i6ASkwuRDaQ,57595,2026,136,2024-11-26
올해 한번도 지지 않았다!💥 3월 29일 기아 VS 두산 원정덕관,2024-03-30T03:34:44Z,I9aFbHG3uX4,64314,2203,281,2024-11-26
4연승 순간! (240329),2024-03-29T16:31:59Z,yNCr16s6Md0,59626,2437,41,2024-11-26
최강불펜,2024-03-29T16:27:06Z,p8rzbZ7Lo-Q,129431,3607,105,2024-11-26
"‘9K' 네일, 선제 투런포 최형우! ⭐️3연승⭐️한 3월 27일 기아 VS 롯데 챔필덕관",2024-03-28T03:27:17Z,8mfoPNogw4s,109187,3008,250,2024-11-26
오늘도 홈런! 최형우! (240327),2024-03-27T14:25:46Z,ItRgaB1LX-c,47566,1975,40,2024-11-26
[News] 포토부스에 신상 선수 프레임 뜸!,2024-03-27T13:55:23Z,G-8s_i5a7Qs,50436,1506,68,2024-11-26
첫 승엔 뭐다? 🌊 3번째 워터파크 개장! [직캠],2024-03-27T13:14:02Z,Y_mAuJo9AFo,34299,1279,99,2024-11-26
개막 2연승 달려서 기쁜 분들 들어오세요~! | 3월 26일 기아 VS 롯데 챔필덕관,2024-03-27T03:17:57Z,lUxfK-TcsEY,83049,2399,159,2024-11-26
2024 기아타이거즈 전광판 경기 개시 영상,2024-03-26T03:30:01Z,1tdthdeILno,42359,2141,153,2024-11-26
제가 임시 주장..?,2024-03-25T13:00:15Z,KyL05pWer-o,134731,4482,88,2024-11-26
내일부터 주중 3연전 응원 중요한 거 아시죠? 🔥｜ 2024 개막전 비하인드,2024-03-25T09:00:29Z,gOxC3pIetpA,60533,1664,92,2024-11-26
🎉 전석매진 🎉 팬으로 꽉 찬 챔필은 이렇습니다,2024-03-25T03:00:20Z,coVtxPiJFkA,46345,1620,131,2024-11-26
"'프로 데뷔 첫 홀드' 곽도규, 양현종이 감동 멘트 적어준 사연",2024-03-24T13:30:21Z,plCQtssfj_Q,42491,1847,120,2024-11-26
"'개막전 세이브' 정해영 & '개막전 홀드' 곽도규가 다녀온 드라이브라인, 뭐하는 곳인가요?",2024-03-24T13:00:28Z,ccU4gqtzYTQ,71927,1530,111,2024-11-26
새로운 안타 &홈런 세리머니 공개!,2024-03-24T06:49:43Z,Zzw8eVjun6o,65084,2552,37,2024-11-26
첫 경기부터!!! 🎊 3월 23일 기아 VS 키움 챔필덕관 (현장감 넘치는 응원캠 포함!),2024-03-24T00:29:43Z,5EsfrLweZeQ,137541,3565,197,2024-11-26
이범호 호로 개막전 승리하면 벌어지는 일  (240323),2024-03-23T11:57:27Z,41k2gKxtf90,137155,4891,101,2024-11-26
개막전에서 프로 첫 홀드! (240323),2024-03-23T11:54:59Z,zHe1Ef0XXjY,108978,4003,82,2024-11-26
혹시.. 야구 좋아하세요?❣️ (광고),2024-03-23T11:00:24Z,FRylJ7r2FQ8,36941,1227,46,2024-11-26
🎉 개막전 승! 이범호 감독 첫 승! 신나는 승리 후 직캠!,2024-03-23T10:22:07Z,goSJcC8Tocw,66982,2097,152,2024-11-26
[오피셜] New 김태군 응원가,2024-03-23T02:17:47Z,FOKhHVD35Rg,113573,1310,166,2024-11-26
'저희는 올해 안에 우승하겠습니다' 2024 KBO 미디어데이,2024-03-22T14:59:20Z,iEVxfb9n2Js,43677,1478,121,2024-11-26
K-문화 네컷 사진,2024-03-22T02:47:20Z,BOalnPJa1TM,46579,1917,18,2024-11-26
신규 팀 응원가 '붉은 노을' [M/V ver.],2024-03-21T13:00:18Z,LVIXH2g5RY8,147710,2872,245,2024-11-26
𝐏𝐥𝐚𝐲𝐥𝐢𝐬𝐭 도입부 듣자마자 야구장 가고 싶어지는 노래 | 2024 기아타이거즈 응원가 모음,2024-03-20T11:30:26Z,ZEPS5Bm3iqc,966726,12574,574,2024-11-26
[오피셜] 기아타이거즈 한준수 응원가,2024-03-20T10:32:51Z,OCE2w9JxXws,99497,1302,130,2024-11-26
개막 전 마지막 시범경기 승리한 3월 19일 기아 VS 삼성 챔필덕관 ✨,2024-03-20T01:06:23Z,MopRoTKTk6U,40328,826,104,2024-11-26
홈런으로 6점! 박민-황대인-김석환 홈런 모아보기 (240319),2024-03-19T12:12:43Z,Bdk8D62kGUE,47522,1140,42,2024-11-26
오타니를 만났다,2024-03-19T12:09:00Z,OQsL8nTwMB4,146610,3931,92,2024-11-26
샌디에이고 파드리스를 상대로 150km/h! 3타자 아웃시킨 정해영 하이라이트 [MLB Seoul Series],2024-03-18T08:48:53Z,Ec8VVRlhXS0,88383,1307,88,2024-11-26
무려 14점이 쏟아진!💥 3월 17일 기아 VS KT 챔필덕관,2024-03-17T21:30:04Z,ZIRzoVtdSzo,36849,1109,93,2024-11-26
크로우 5K 모음 (240317),2024-03-17T13:12:45Z,A_5mDqs1GDM,37327,919,33,2024-11-26
구단이 소고기 쏜다! 김석환 변우혁 박민 정해원의 저녁 식사 🍴,2024-03-17T13:00:10Z,7zQ-O57ymuo,42567,1049,79,2024-11-26
이 쓰리런으로 승리 확률 99.7%! (240317),2024-03-17T12:30:00Z,MxaFTYqdbBk,53335,867,49,2024-11-26
MLB 경기에 정해영+이의리+최지민 등판!,2024-03-17T03:47:36Z,Uqk63q6ksJs,23564,801,35,2024-11-26
[오피셜] 기아타이거즈 서건창 응원가,2024-03-16T03:13:33Z,8i0q41SdOJA,117200,1788,162,2024-11-26
잠실 넘겨 버리는 테스 파워! (240315),2024-03-15T09:32:55Z,h714xQb0RvM,36667,1143,14,2024-11-26
올해도 홈런 세리머니 '두루치기' 계속함 (240315),2024-03-15T09:32:01Z,Fp2MMbKn898,98378,2778,38,2024-11-26
기영 의리 포에버,2024-03-13T14:15:48Z,HKKea3CRIH8,33273,1113,8,2024-11-26
여섯이 모이면,2024-03-13T09:10:00Z,rr2z7gzMywk,39144,1136,8,2024-11-26
우승하면 제가 고기 구울게요! ｜ 2024 우승 공약｜무엇이든물어보세요,2024-03-13T08:55:00Z,Wd56HoK2HhQ,149836,2907,349,2024-11-26
기아타이거즈에 입덕한 분들께 ✉,2024-03-10T11:00:39Z,nJIiIerLjPI,38587,2876,45,2024-11-26
본인 거 잘라 쓰세요 (입덕 축하🎉) 광고,2024-03-10T11:00:16Z,DNzLt8-B6yE,45976,1933,142,2024-11-26
오늘 이범호 감독이 취임식에서 한 말,2024-03-08T11:32:30Z,Xlqi1Rcw-xI,39399,1309,137,2024-11-26
[Live] 14시 시작! KIA 타이거즈 이범호 감독 취임식,2024-03-08T05:15:24Z,2Bv840VxZ7M,0,0,0,2024-11-26
이때다,2024-03-07T09:07:08Z,C4AxiEVtCOY,662653,13788,55,2024-11-26
고요속의 외침 - 엄격한 양현종 PD,2024-03-07T09:03:41Z,FynLNWtTqhg,167506,3227,29,2024-11-26
고요속의 외침 -  왼손 투수 천국 기아,2024-03-07T09:01:55Z,BwXeCYNgGg4,65260,2177,25,2024-11-26
"""부상 없이 완주해서 좋습니다"" 선수단이 말하는 2024 스프링캠프",2024-03-07T03:00:14Z,V3C-YtzYFDk,53351,1410,82,2024-11-26
역대급 출연진 섭외 완. 고요 속의 외침2,2024-03-06T12:00:11Z,9IMkqsAlO7w,645562,9415,487,2024-11-26
김도영 타격 훈련 어디까지 진행됐냐면,2024-03-06T09:15:02Z,L9kUoknnfq0,69711,1708,105,2024-11-26
이범호 감독에게 물었다 | 2024 스프링캠프의 의미,2024-03-05T08:45:03Z,uOgHwjm7BvU,35289,1142,86,2024-11-26
못 잡으면 커피! 커피를 건 수비 훈련 현장! ｜2024 스프링캠프,2024-03-04T09:30:10Z,jJaLpT33oQ8,79791,1547,63,2024-11-26
3/4 기아타이거즈 vs KT위즈 | 2024 스프링캠프 연습경기,2024-03-04T04:10:41Z,FwJMRve5OwY,206215,2537,46,2024-11-26
우리.. 지금부터 말 놓는거다?,2024-03-03T09:50:25Z,xap7-XZtbSo,179973,3190,86,2024-11-26
윤도현의 샴푸를 찾습니다,2024-02-29T08:45:00Z,8J-R5x8L4zw,57570,1532,97,2024-11-26
"이범호 감독 첫 승 ""선수들이 자신감을 가질 수 있었던 경기""｜2월 28일 기아 VS 롯데 하이라이트",2024-02-28T11:03:31Z,JYlwp55W7cU,121711,1488,142,2024-11-26
"""이게 맞아?"" 연타석 홈런 맞는 윤도현 브이로그",2024-02-28T09:00:50Z,wesLctwnPWQ,181897,2986,161,2024-11-26
2/28 기아타이거즈 vs 롯데자이언츠 | 2024 스프링캠프 연습경기,2024-02-28T06:54:38Z,PoUj4Kf9i28,395052,3768,111,2024-11-26
숟가락 vs 젓가락,2024-02-28T04:30:10Z,c1RyPV3M8yM,43831,934,17,2024-11-26
친구 김도영이 말하는 ‘진짜 윤도현’? 外 22분 스캠 하드털이,2024-02-27T09:30:14Z,WwZXL3-juzk,228769,3367,127,2024-11-26
'2022년의 축복' 윤도현 4안타 맹활약 다시보기｜2/25 연습경기 하이라이트,2024-02-26T03:00:21Z,ebnv97eMVIc,45258,835,128,2024-11-26
첫 연습 경기 4안타(!),2024-02-26T00:57:08Z,53pHbpXOraw,45137,1104,48,2024-11-26
2/25 기아타이거즈 vs KT위즈 | 2024 스프링캠프 연습경기,2024-02-25T07:41:29Z,Z-loJ1IV2zU,347887,3449,131,2024-11-26
"22 신인 윤도현, 23 신인 곽도규, 24 신인 조대현의 24시간 릴레이 브이로그 🌱",2024-02-24T00:07:23Z,PVf8jPmsLQ8,93901,1846,98,2024-11-26
김호령 응원가 부르는 소크라테스 실존!,2024-02-21T09:05:00Z,yutRnC3PV38,179653,3403,179,2024-11-26
189cm 장신 야구선수 머리에 헤드캠을 달았더니..@,2024-02-18T22:00:10Z,TMhNhxLCHMA,50480,1149,70,2024-11-26
상무에서 돌아온 장민기의 불펜 피칭,2024-02-18T09:51:01Z,zj3Qb8s-Ino,35061,630,13,2024-11-26
24 신인 김민주 불펜 피칭,2024-02-18T09:50:49Z,0w2Ra2sc26M,56834,943,46,2024-11-26
"20시에 울린 펑고 소리, 진 사람은 시드니에서(?) 커피 사오기",2024-02-18T02:21:00Z,mqDq__HpOM0,42295,966,62,2024-11-26
올시즌 기대되는 짱짱한 라인업 ‘최형우 김선빈 나성범 서건창 고종욱 이창진 소크라테스’ 배팅 현장,2024-02-16T08:50:00Z,2R-y4E8sJ4Y,83450,1362,99,2024-11-26
은행 플러팅 중💸,2024-02-14T06:29:19Z,EO7E4K8MqCk,67444,2472,71,2024-11-26
나루토 춤 풀버전,2024-02-14T06:27:24Z,fSQ7e0jGzU4,93458,3287,97,2024-11-26
🆕 새로 온 타케시 코치의 포수 훈련 현장 | 김태군 한승택 주효상 한준수,2024-02-14T02:50:00Z,Uzt91z7SwLg,77440,1220,91,2024-11-26
나루토 춤 춘 이유,2024-02-13T23:32:11Z,CWHvFh5mq4I,36019,1135,16,2024-11-26
"안녕하세요, 감독 이범호입니다.",2024-02-13T07:45:01Z,W6L_Munamyc,136540,4991,713,2024-11-26
조대현 윤영철 황동하 정해영이랑 떡국 먹을 사람 🍴,2024-02-12T02:30:15Z,dEjY0h-gNpo,143651,2876,171,2024-11-26
0.1톤 가뿐한 이의리,2024-02-11T09:07:45Z,5cr1g5xV5pA,108556,3504,42,2024-11-26
웨이트는 맛있어,2024-02-11T09:00:35Z,jk6fCukJFo4,108633,2061,76,2024-11-26
※고막 주의※ 세상에서 제일 시끄러운 윷놀이 결승전ㅋㅋㅋㅋ,2024-02-10T11:29:46Z,ht97GbTBw9U,289648,4626,275,2024-11-26
그런날 시즌2,2024-02-10T08:12:50Z,fOf2uxUTNGY,95293,4292,55,2024-11-26
'대현이는 성장중' 24 신인 조대현의 프로 첫 피칭,2024-02-10T01:00:00Z,0CcOum5v8xw,141903,1624,99,2024-11-26
4K로 20분동안 김선빈 서건창 고명성 윤도현 김도영 수비 훈련 보기 [캔버라직캠],2024-02-09T09:15:00Z,3FIYMyHdFos,57864,946,69,2024-11-26
야수들 땀 냄새 나는 영상,2024-02-09T02:45:01Z,RMGwk4qb_OY,90526,1881,64,2024-11-26
"우리랑 같이 점심 먹을 사람? 크로우, 네일, 소크라테스 외인들의 점심식사 🍴",2024-02-07T03:00:04Z,6RP8NV1SKxk,313516,3873,181,2024-11-26
투수 PFP 훈련 현장 🔉 | 캔버라직캠,2024-02-07T02:00:21Z,sLHlwZPwncw,28060,703,37,2024-11-26
타격 30개를 건 포수조 가위바위보 결과는? [4K/캔버라직캠],2024-02-06T08:13:59Z,3f_h-SsF4b4,38105,1247,138,2024-11-26
(모집 마감) 나성범의 한호흡 챌린지,2024-02-05T10:01:53Z,WlXfbsCaTOk,54593,2299,42,2024-11-26
어서와 야구는 처음이지? 📍함평 챌린저스 필드,2024-02-04T09:00:43Z,ucSjG1YAx5E,30523,849,59,2024-11-26
"오늘 오전, 새 외국인 투수 ‘크로우’와 ‘네일’의 첫 피칭",2024-02-03T09:28:54Z,2kMhYI1UP7U,124087,2040,182,2024-11-26
"""번트 대고 이렇게 뛰는 거야""",2024-02-03T03:10:00Z,5otwQX7uZoc,81292,1526,113,2024-11-26
[Day 1] 호주 캔버라에서의 첫 훈련은?,2024-02-02T08:30:02Z,8zQRQoZIa7g,64412,1731,128,2024-11-26
2024년 기아타이거즈 선수단 완전체,2024-02-01T12:29:07Z,BXqirgmDamQ,54238,1817,33,2024-11-26
✈️ 2024 호주 캔버라 스프링캠프 출국 현장 ✈️,2024-01-31T09:00:07Z,9jc8YjRc0DA,52662,1639,149,2024-11-26
오늘 스캠부터 함께하는 이형범 & 고명성,2024-01-30T02:30:24Z,XUWNUWsUEi0,31709,885,72,2024-11-26
[옷피셜] 서건창입니다,2024-01-30T02:25:00Z,snzio7ubRp8,104798,2858,331,2024-11-26
보고 싶었던 선수들 총출동 | 2024 프로필 촬영 현장 📹,2024-01-28T11:00:38Z,l04ozzo7kLg,161986,2956,432,2024-11-26
‘우승 1000만원’ 학강초 vs 수창초 vs 경북고 모교대전 승자는? (광고),2024-01-24T10:00:01Z,1oOA8NIYVfI,161280,2071,95,2024-11-26
24시즌 새로운 외인 투수 ‘제임스 네일’,2024-01-22T07:29:31Z,luMAMzBsGRc,23742,0,40,2024-11-26
"워매 야구장 - 이의리, 김도영ver. (미방분)",2024-01-21T02:15:59Z,UYINYQ5vmP4,102486,4256,42,2024-11-26
제작진 외장하드 털어서 만든 ‘미공개 컷’ 더그아웃비하인드,2024-01-21T02:00:20Z,R1QYBosqy1Q,139130,2646,90,2024-11-26
임기영에 대해 당신이 몰랐던 N가지 사실,2024-01-17T09:15:02Z,vsuha40VwBI,37280,1092,79,2024-11-26
큰 김치 찢어줘도 된다 안된다?,2024-01-15T00:16:05Z,0W4jdteKGw0,365798,11762,76,2024-11-26
EV9 보이,2024-01-14T12:15:18Z,loERdUh3lKs,184742,6695,37,2024-11-26
심장 절찬 판매중!,2024-01-14T12:15:08Z,LtEYlDQNvug,172535,6224,64,2024-11-26
거구 야구선수 4명이 EV9에 누워봤더니..♡  | EV9 시승 후기 (광고),2024-01-14T11:00:41Z,n5q91nVSEng,196609,3991,207,2024-11-26
튜브가 잘못했네 (박찬호 딸 새얀이 육아일기 2편),2024-01-10T09:30:05Z,NAKaVcrcRDI,288855,4102,88,2024-11-26
기아의 새로운 외국인 투수 '윌 크로우',2024-01-08T06:20:00Z,SK2sFJJLwjU,35997,1874,77,2024-11-26
"'기아의 해결사' 최형우, 더 '오래' 함께 합니다",2024-01-08T06:05:00Z,bfB6xGRdGOc,28998,1207,93,2024-11-26
오직 기아에서만 15년! '원클럽맨' 김선빈,2024-01-08T06:00:03Z,7bFz7GuimHY,30727,1184,110,2024-11-26
갸티비에 새얀이가 떴다! (1편),2024-01-07T08:30:04Z,CE_Txle5Jy0,521757,7706,263,2024-11-26
복면가왕 연락 기다립니다 🙏🏻 | 장현식 Healing Voice,2024-01-03T11:00:00Z,0DUo4pH1PAs,58664,2383,289,2024-11-26
,,JcbozO9W2i4,,,,2024-11-26
,,ukeohA0W0WI,,,,2024-11-26
,,dGqiO46pfbg,,,,2024-11-26
,,3D8IPCdkevM,,,,2024-11-26
,,9ylBkYgnE_0,,,,2024-11-26
,,rdr_ChvmA0M,,,,2024-11-26
,,0dEaE4y8iHE,,,,2024-11-26
,,jKs7iZTUzTE,,,,2024-11-26
,,zmbAS4hu__M,,,,2024-11-26
,,sZYMpeBXCXM,,,,2024-11-26
,,14G52_WeY00,,,,2024-11-26
,,6fSp-r_h2OM,,,,2024-11-26
,,EZLkf01Fnts,,,,2024-11-26
,,S0Jw6xVNNZQ,,,,2024-11-26
,,WDWAAhyCZxk,,,,2024-11-26
,,RzrgFF28N-4,,,,2024-11-26
,,3-EtCwfXQuA,,,,2024-11-26
,,IOyd0wmqw2g,,,,2024-11-26
,,oDLTg_9n4xI,,,,2024-11-26
,,39pr6NNuwzs,,,,2024-11-26
,,yVdPqIsYdts,,,,2024-11-26
,,UIQiny5okZw,,,,2024-11-26
,,5tSuU_c_ex4,,,,2024-11-26
,,8omRazzlv74,,,,2024-11-26
,,SYGs63I0LKg,,,,2024-11-26
,,IJXbGVKw1i8,,,,2024-11-26
,,XBgvUFwtHL0,,,,2024-11-26
,,2r8EyYZoj4o,,,,2024-11-26
,,-JV5RMqmlIE,,,,2024-11-26
,,GBhsdq2-Xog,,,,2024-11-26
,,8upjSDSyxtM,,,,2024-11-26
,,KGAP3xLP28Q,,,,2024-11-26
,,-2rIrvhzIwU,,,,2024-11-26
,,ecC6GsZFIrc,,,,2024-11-26
,,65hw_yYTJn8,,,,2024-11-26
,,BKCpREx4WiU,,,,2024-11-26
,,MLmza8jF604,,,,2024-11-26
,,_a8GhKXYU9E,,,,2024-11-26
,,QafX8NiFmBo,,,,2024-11-26
,,hmngV7bCLQc,,,,2024-11-26
,,5iA8eYYvBdc,,,,2024-11-26
,,7-KxS_VKD0I,,,,2024-11-26
,,eNGepkXYChI,,,,2024-11-26
,,-wMFbsG0PUA,,,,2024-11-26
,,qlSCHSBf5SM,,,,2024-11-26
,,D2fYuYKRiuo,,,,2024-11-26
,,uM243Bdpjmw,,,,2024-11-26
,,VyJMnTDqIho,,,,2024-11-26
,,EHJR-RbsPSM,,,,2024-11-26
,,NOL4jK0FmbQ,,,,2024-11-26
,,7hv8I67QOO4,,,,2024-11-26
,,PA8bXKXTkP0,,,,2024-11-26
,,aTHFFPQ0fuc,,,,2024-11-26
,,4qHncA1GpzM,,,,2024-11-26
,,Z2FPJeslFsc,,,,2024-11-26
,,OdAkzbIKDps,,,,2024-11-26
,,hmdFngGlFm8,,,,2024-11-26
,,2Td3O35L714,,,,2024-11-26
,,cJGJ_XzZrsw,,,,2024-11-26
,,1O9Ts0WHG2c,,,,2024-11-26
,,eabsShBAhzw,,,,2024-11-26
,,J1CljDEA0So,,,,2024-11-26
,,0fMirwMFMHw,,,,2024-11-26
,,uOENWUFtRrE,,,,2024-11-26
,,pbB1o5Gqjp0,,,,2024-11-26
,,9AYZXbsTgUg,,,,2024-11-26
,,vamPsfftPko,,,,2024-11-26
,,5s_iT4wkoMY,,,,2024-11-26
,,0oBwRYOnNZI,,,,2024-11-26
,,oiO73zReWBk,,,,2024-11-26
,,wWFYDlhe7tQ,,,,2024-11-26
,,QbaFt8-joKQ,,,,2024-11-26
,,iB4XhgDiXOs,,,,2024-11-26
,,Q9B3lCMMEu4,,,,2024-11-26
,,9pebJ4o2Q2U,,,,2024-11-26
,,RzWTPGHvYg4,,,,2024-11-26
,,D_OcgMnbEaY,,,,2024-11-26
,,RaR_PZzLmpk,,,,2024-11-26
,,FMFhbwaqlnU,,,,2024-11-26
,,8Ennd8qGcPI,,,,2024-11-26
,,PsXYR-qZthE,,,,2024-11-26
,,uqwU-PD5otY,,,,2024-11-26
,,R6CL_bpALyk,,,,2024-11-26
,,FMDNE7-I7yo,,,,2024-11-26
,,K6pDUi9zJOo,,,,2024-11-26
,,pnp_2kcpgGM,,,,2024-11-26
,,wI9wyIcpQSk,,,,2024-11-26
,,gW69sezUiKc,,,,2024-11-26
,,ZwzEb1QZrSw,,,,2024-11-26
,,nHtAZe3hlKI,,,,2024-11-26
,,xYXYk_G0fqk,,,,2024-11-26
,,yy741UhEjGg,,,,2024-11-26
,,J6f1_Dhu9wU,,,,2024-11-26
,,8LodCqH_YEg,,,,2024-11-26
,,9TiPda2Prb8,,,,2024-11-26
,,EFoEr_FYjbE,,,,2024-11-26
,,fdsbGOLNGcM,,,,2024-11-26
,,iqdMrnH4llY,,,,2024-11-26
,,NWfE0AxxoME,,,,2024-11-26
,,f9jOH4-3UgE,,,,2024-11-26
,,ba15QkUf6PA,,,,2024-11-26
,,8KwZsHqTIZs,,,,2024-11-26
,,zVf-zv9-1uk,,,,2024-11-26
,,7cvaV--8Dy0,,,,2024-11-26
,,XA5l3zApHSs,,,,2024-11-26
,,S9a2SBA3XVM,,,,2024-11-26
,,_qGOhScbskk,,,,2024-11-26
,,BGLuabQCUuY,,,,2024-11-26
,,ppQBdl87gnM,,,,2024-11-26
,,AliD6swkcfc,,,,2024-11-26
,,rg9qI3AqvXw,,,,2024-11-26
,,d3byUUxyCeE,,,,2024-11-26
,,ME4sttnDiGg,,,,2024-11-26
,,_cZtrDgTNIQ,,,,2024-11-26
,,VWzYkXefS3I,,,,2024-11-26
,,DZRcjBM2WaU,,,,2024-11-26
,,UQhpqJwVIno,,,,2024-11-26
,,Zaw1K5zT_zc,,,,2024-11-26
,,27UmFi_Z-0M,,,,2024-11-26
,,yys9QJhR1ZY,,,,2024-11-26
,,tLyR-Ac0hA4,,,,2024-11-26
,,vvtizish634,,,,2024-11-26
,,SnOObVlGHto,,,,2024-11-26
,,K6QxDlqu_yk,,,,2024-11-26
,,IViy8QWssm0,,,,2024-11-26
,,3eqTW28AhWU,,,,2024-11-26
,,VwHdz7Bn4kc,,,,2024-11-26
,,BAaUfSKBApQ,,,,2024-11-26
,,4-4um5Usf08,,,,2024-11-26
,,8sw-lc3yTqQ,,,,2024-11-26
,,zzzj1PJEDO8,,,,2024-11-26
,,Vtpk5IzbIao,,,,2024-11-26
,,Ap-2oh-plek,,,,2024-11-26
,,jraxoYrvOTQ,,,,2024-11-26
,,AsitSzBURJI,,,,2024-11-26
,,hOPuDn2RaZE,,,,2024-11-26
,,VzjemwlRUlk,,,,2024-11-26
,,JkQKP4atkW0,,,,2024-11-26
,,YaNpMKuqRUA,,,,2024-11-26
,,hf_q5ZIcVQk,,,,2024-11-26
,,aj2co3FWsJU,,,,2024-11-26
,,AjFGR7Y9CJQ,,,,2024-11-26
,,Thp27hsEay8,,,,2024-11-26
,,-TlTWhTjPq0,,,,2024-11-26
,,EMANr7FkhTQ,,,,2024-11-26
,,79IsUmuCf5w,,,,2024-11-26
,,e5qRi-CzWU8,,,,2024-11-26
,,yM2rQrADUQ0,,,,2024-11-26
,,F1GAX2zu688,,,,2024-11-26
,,nhksv1VaL2o,,,,2024-11-26
,,qko1LzUOYc0,,,,2024-11-26
,,6W0VKv1ZjaE,,,,2024-11-26
,,aefdvClBeCE,,,,2024-11-26
,,7mLbGZ2NUQw,,,,2024-11-26
,,dZwf-zxq3Sw,,,,2024-11-26
,,J6XAQpnDO88,,,,2024-11-26
,,ryAMwj1X0bk,,,,2024-11-26
,,ClALYLzaHnQ,,,,2024-11-26
,,bp-AHPwLZik,,,,2024-11-26
,,w5QT9YKySYg,,,,2024-11-26
,,4zpfMKhD7Qs,,,,2024-11-26
,,FEDmRIYqsOw,,,,2024-11-26
,,EYRfQN7G4jw,,,,2024-11-26
,,EZq70ZBjlI4,,,,2024-11-26
,,pth1yKjcVDU,,,,2024-11-26
,,icn0SUXisrQ,,,,2024-11-26
,,64BulY-mQSw,,,,2024-11-26
,,P5sB4de1JqM,,,,2024-11-26
,,KApmWUMIVtE,,,,2024-11-26
,,ql_6PI-Nmns,,,,2024-11-26
,,FNZkV2McGg8,,,,2024-11-26
,,a3fRSi1SPfk,,,,2024-11-26
,,Xj2FhnWEwaM,,,,2024-11-26
,,cwd_qV40_Po,,,,2024-11-26
,,63H5V8340po,,,,2024-11-26
,,FHCG-9bkqA0,,,,2024-11-26
,,lCLNkcEM04g,,,,2024-11-26
,,xBc8WanYWvI,,,,2024-11-26
,,mQLpslBUki4,,,,2024-11-26
,,FVV4BtYYhrs,,,,2024-11-26
,,YSqZ4n-F3vk,,,,2024-11-26
,,vNCuDyE-9eU,,,,2024-11-26
,,zQXBPs-cOjM,,,,2024-11-26
,,DG-2PQJIMA0,,,,2024-11-26
,,QlTpR20Qi7w,,,,2024-11-26
,,sWTCxD35Gec,,,,2024-11-26
,,OMvYQqRexA4,,,,2024-11-26
,,nmDoZy1ZXy8,,,,2024-11-26
,,32hPwgISYQk,,,,2024-11-26
,,i7sOzncL0l0,,,,2024-11-26
,,ynvFTfe3M6I,,,,2024-11-26
,,rqW9a3xJT2M,,,,2024-11-26
,,jvqw0M5Qt7w,,,,2024-11-26
,,bers7fzR0NU,,,,2024-11-26
,,IF_IxZIrxoI,,,,2024-11-26
,,R1AYjenPe4g,,,,2024-11-26
,,-HUgBkgRDd4,,,,2024-11-26
,,Np28HVvWbKQ,,,,2024-11-26
,,XrzQM51bPUg,,,,2024-11-26
,,aBP8V_oKiqg,,,,2024-11-26
,,_WKFhDwgNeA,,,,2024-11-26
,,w8HU2y-tvWk,,,,2024-11-26
,,BaHS1WmpWqc,,,,2024-11-26
,,Bh-ayCZsa5Q,,,,2024-11-26
,,9ef27Ymef0I,,,,2024-11-26
,,neS1Pl8z9co,,,,2024-11-26
,,3MH96Oxkrb0,,,,2024-11-26
,,4RDioP_nq-4,,,,2024-11-26
,,u_I-kON2ZOs,,,,2024-11-26
,,m2O143M1POg,,,,2024-11-26
,,X6kwejCSgtc,,,,2024-11-26
,,r_a3f2acadw,,,,2024-11-26
,,UC2-NjRAKT8,,,,2024-11-26
,,noRXylIOPc0,,,,2024-11-26
,,nigpHrtNaGE,,,,2024-11-26
,,u7vsvHNPdOQ,,,,2024-11-26
,,kA7Z0l47ahQ,,,,2024-11-26
,,C-cNZXu8SzQ,,,,2024-11-26
,,cfSvVBeRcq4,,,,2024-11-26
,,hUZ4VIGOC60,,,,2024-11-26
,,rD_nU5zZYS4,,,,2024-11-26
,,fa8N4_9OUu0,,,,2024-11-26
,,KTIfhzHjfHk,,,,2024-11-26
,,jtgYAeBxgfk,,,,2024-11-26
,,o1_8i4-xt_4,,,,2024-11-26
,,y8WgWjzhKBA,,,,2024-11-26
,,mJ2qpunVWlc,,,,2024-11-26
,,a6YL-j5uOVM,,,,2024-11-26
,,-8xflNGw0as,,,,2024-11-26
,,xuxbe4UT66I,,,,2024-11-26
,,R6SGJ9bHghY,,,,2024-11-26
,,jT9pCO52O7o,,,,2024-11-26
,,05TiclV6JbI,,,,2024-11-26
,,dGo7bPW2oRE,,,,2024-11-26
,,OoxuCiusj10,,,,2024-11-26
,,My5XUy0eNmE,,,,2024-11-26
,,CuQhEog7ZCI,,,,2024-11-26
,,Qyhje_2KNLE,,,,2024-11-26
,,ArAXR1Y0saQ,,,,2024-11-26
,,SuppxmH7KcI,,,,2024-11-26
,,4jtYFfOX9yE,,,,2024-11-26
,,5W4NyDvOUZM,,,,2024-11-26
,,lebKajz4fVg,,,,2024-11-26
,,RMXrnXUJ71I,,,,2024-11-26
,,mUC8Swnm81M,,,,2024-11-26
,,NqEBQGZmjYA,,,,2024-11-26
,,XCVUQzvlwd8,,,,2024-11-26
,,ot3EXO7vrtc,,,,2024-11-26
,,zS90Xfas984,,,,2024-11-26
,,2VeZ8-cICrA,,,,2024-11-26
,,mEJtcj0YkeI,,,,2024-11-26
,,R2Ge1petX9k,,,,2024-11-26
,,FHZRYgo-ZkQ,,,,2024-11-26
,,mZ6aFlNwQvs,,,,2024-11-26
,,G9a9WWJWlXA,,,,2024-11-26
,,uD3QheAFhQA,,,,2024-11-26
,,sum8lR4N0ps,,,,2024-11-26
,,9c8EpiD7SPI,,,,2024-11-26
,,KP17a9Bir2U,,,,2024-11-26
,,x-jK165RFJk,,,,2024-11-26
,,e_BH8prn69U,,,,2024-11-26
,,_7H2Io3Yo5k,,,,2024-11-26
,,tdhIH5LgltM,,,,2024-11-26
,,mAxYSZbM9eE,,,,2024-11-26
,,wu5KqelwgO4,,,,2024-11-26
,,5r8aSr5zI6s,,,,2024-11-26
,,uNq7dqHcF6o,,,,2024-11-26
,,y27vzYxkBGA,,,,2024-11-26
,,Oq4avoqA9Ww,,,,2024-11-26
,,7c4cQNfnCfE,,,,2024-11-26
,,mZSVTWc7APw,,,,2024-11-26
,,kfUls4ydAHE,,,,2024-11-26
,,m8WbvMh6OtE,,,,2024-11-26
,,rgh3-sQzLns,,,,2024-11-26
,,Tj4jy54dbUw,,,,2024-11-26
,,t8o9-xjz4mo,,,,2024-11-26
,,OVGreMNR5xQ,,,,2024-11-26
,,otyM3VJam64,,,,2024-11-26
,,LdzkmzdZ6dE,,,,2024-11-26
,,B1QWbQ9UG7E,,,,2024-11-26
,,DnmABGnlYgA,,,,2024-11-26
,,72upryDJUqY,,,,2024-11-26
,,1kVCcUqJGaY,,,,2024-11-26
,,ejtHFsOp5fw,,,,2024-11-26
,,9Fbl2yJ-JqE,,,,2024-11-26
,,h9VitrYLWVw,,,,2024-11-26
,,ueV69ze0wwI,,,,2024-11-26
,,fGXadmH2AWk,,,,2024-11-26
,,7FNmXjp721Y,,,,2024-11-26
,,sQxIxyD0vag,,,,2024-11-26
,,prpCE9f7ZgY,,,,2024-11-26
,,eZ2xdatpqeQ,,,,2024-11-26
,,LcTWemGRRvs,,,,2024-11-26
,,IdmBbTENOY4,,,,2024-11-26
,,An7mrFIEpKE,,,,2024-11-26
,,gxDlV9xCuxY,,,,2024-11-26
,,H4AOd8XTBW8,,,,2024-11-26
,,AbAynI6yPyE,,,,2024-11-26
,,kPge7xdA_OU,,,,2024-11-26
,,E4U7E9PqAZI,,,,2024-11-26
,,hUYLBiSUEEg,,,,2024-11-26
,,mUv7sHtj94U,,,,2024-11-26
,,4qUNiON-jjY,,,,2024-11-26
,,HEnrOKow2_c,,,,2024-11-26
,,sTjPFYNoeCU,,,,2024-11-26
,,vkVDZh8dmJE,,,,2024-11-26
,,TZ2Ll93yjo4,,,,2024-11-26
,,z1vRd4zDsdo,,,,2024-11-26
,,WZFhhry2Fo0,,,,2024-11-26
,,DtJqjGiQ_RU,,,,2024-11-26
,,UTnCu8EzB7Y,,,,2024-11-26
,,f-k58lV3Q7k,,,,2024-11-26
,,iOL17evN1hE,,,,2024-11-26
,,hs5dQzeQguk,,,,2024-11-26
,,mfbaTsSHHwU,,,,2024-11-26
,,ssFfqdY9FnQ,,,,2024-11-26
,,Bjxla2vlwU0,,,,2024-11-26
,,79bPzw1wVWc,,,,2024-11-26
,,5WI6mvLrd18,,,,2024-11-26
,,MzYr719c4EI,,,,2024-11-26
,,QNV89-rla1M,,,,2024-11-26
,,91RCu1tqUsc,,,,2024-11-26
,,klD5NF1d1ZQ,,,,2024-11-26
,,pXiCgj9Pyvk,,,,2024-11-26
,,VzsoGswgsKg,,,,2024-11-26
,,WhKyZMvjvPg,,,,2024-11-26
,,4_3DANvtzkg,,,,2024-11-26
,,Gi5q7Lhbzcs,,,,2024-11-26
,,A2EKvI0alr4,,,,2024-11-26
,,w3q6CgcsIrc,,,,2024-11-26
,,6PnTxQqUuRs,,,,2024-11-26
,,UCUHmjKLsbM,,,,2024-11-26
,,WZfcQd4hUVo,,,,2024-11-26
,,vJZLhg5N0L0,,,,2024-11-26
,,zZJGWQIsgiI,,,,2024-11-26
,,rURy8oq8FiA,,,,2024-11-26
,,o86nXlQLfQU,,,,2024-11-26
,,eJ0Y6MXeZbE,,,,2024-11-26
,,orRpou8xERM,,,,2024-11-26
,,LTbDZZd1ibE,,,,2024-11-26
,,0rbEvCLcl-Q,,,,2024-11-26
,,Qmll8cai44g,,,,2024-11-26
,,NhVxbN8R5gE,,,,2024-11-26
,,Chb9b-W-L_8,,,,2024-11-26
,,G4t1IXyNPV0,,,,2024-11-26
,,PF8uCjkHM08,,,,2024-11-26
,,dqTiC9kq2bA,,,,2024-11-26
,,0PjtKClQGSI,,,,2024-11-26
,,o-ClvxAi17E,,,,2024-11-26
,,K4FIheA755U,,,,2024-11-26
,,b4E95c6SaaA,,,,2024-11-26
,,6X8pCm3h3mI,,,,2024-11-26
,,17Gv_Z27hD4,,,,2024-11-26
,,rx-F1Fuq6Rg,,,,2024-11-26
,,lS07pQRQxTk,,,,2024-11-26
,,MB0_A96OBDA,,,,2024-11-26
,,iAVS4KW0znI,,,,2024-11-26
,,jVAlT2naM24,,,,2024-11-26
,,gMwp5TAtGLE,,,,2024-11-26
,,R2mdDuXEKjw,,,,2024-11-26
,,xbeig7o6a78,,,,2024-11-26
,,pHahQPPbJMQ,,,,2024-11-26
,,yCUOltNyZ2I,,,,2024-11-26
,,Cgl29TZgAes,,,,2024-11-26
,,MlqpZ1ZkhX8,,,,2024-11-26
,,8gDPk5GkAcg,,,,2024-11-26
,,fMKt0a4jTHY,,,,2024-11-26
,,okQS35Fn-Ag,,,,2024-11-26
,,npq0KuIcpt4,,,,2024-11-26
,,d-w8Eo-n0qk,,,,2024-11-26
,,sCBPNlC2n_A,,,,2024-11-26
,,GWWTf2a0q8s,,,,2024-11-26
,,hGqCGWnfFkc,,,,2024-11-26
,,Yk9mkELuc9w,,,,2024-11-26
,,We-xDU-S3K0,,,,2024-11-26
,,5_MwAcaVU4Q,,,,2024-11-26
,,wu8r-P5v5sk,,,,2024-11-26
,,PIOOhdc855A,,,,2024-11-26
,,hpgZgr7vDEY,,,,2024-11-26
,,LFuimDOJy6M,,,,2024-11-26
,,TtWoHVZ1Sok,,,,2024-11-26
,,I10WOQ4U_S8,,,,2024-11-26
,,rpZEySk-0hM,,,,2024-11-26
,,sNJ5b2Xe7vY,,,,2024-11-26
,,EYAT3K041Uw,,,,2024-11-26
,,-OQSnCskwqA,,,,2024-11-26
,,x5v42VlI7qQ,,,,2024-11-26
,,l3EvO3MFzHI,,,,2024-11-26
,,TvZFa5fQZ4M,,,,2024-11-26
,,S_yFIvAnH9w,,,,2024-11-26
,,LLSnNyhfaZo,,,,2024-11-26
,,w1a-ArgRnWw,,,,2024-11-26
,,J5vlUPWzTTU,,,,2024-11-26
,,LNP1MmaHZqg,,,,2024-11-26
,,mLGAXm5Sqfs,,,,2024-11-26
,,9PBL-08D7bU,,,,2024-11-26
,,GY8oIhGywLA,,,,2024-11-26
,,D08bO8pHZZs,,,,2024-11-26
,,-KP-lQWbpD4,,,,2024-11-26
,,xJGnmm5L09k,,,,2024-11-26
,,ee84qJNhXoU,,,,2024-11-26
,,KnZmk3a6gas,,,,2024-11-26
,,c4bAL4RrvxI,,,,2024-11-26
,,xH1gRR40kXg,,,,2024-11-26
,,NMpfvPmOdyU,,,,2024-11-26
,,t1e8UXGdYus,,,,2024-11-26
,,qRCU9vbqMNY,,,,2024-11-26
,,HEAz6_9y5Wk,,,,2024-11-26
,,18VvvV5jrfE,,,,2024-11-26
,,fy0HkmM6tc4,,,,2024-11-26
,,IBuD1zsV2eg,,,,2024-11-26
,,VLmipHSySIM,,,,2024-11-26
,,bwAwBxK5-m4,,,,2024-11-26
,,wwqw6QLRAps,,,,2024-11-26
,,ZUfrn1FzfCU,,,,2024-11-26
,,IPP7d5x5CWw,,,,2024-11-26
,,1EqP9rM_wTw,,,,2024-11-26
,,l9YCGA8Ytao,,,,2024-11-26
,,ksw7CLWx094,,,,2024-11-26
,,X-rQY3mp-vI,,,,2024-11-26
,,n7QLY2apLJM,,,,2024-11-26
,,yO0jsRN--d8,,,,2024-11-26
,,eURq4WntcZY,,,,2024-11-26
,,9pTMIXzo5Vk,,,,2024-11-26
,,T7EiRB4ZKmc,,,,2024-11-26
,,B8B9TxdAyk0,,,,2024-11-26
,,teyF78ifhOE,,,,2024-11-26
,,ktnO_KK3DtU,,,,2024-11-26
,,PHLFHYAFlkY,,,,2024-11-26
,,oehOBKntrEE,,,,2024-11-26
,,-qQ0gKEMg_0,,,,2024-11-26
,,vRvXU6UbsBg,,,,2024-11-26
,,S_adpE6fyVU,,,,2024-11-26
,,PClQv75OrG0,,,,2024-11-26
,,QNyA3U4uGU8,,,,2024-11-26
,,3Wo71jia4Qs,,,,2024-11-26
,,Nxv-AIEHV2M,,,,2024-11-26
,,JQ4oA1Nb3V8,,,,2024-11-26
,,6i2OazR5Amw,,,,2024-11-26
,,pg05kXPlxY8,,,,2024-11-26
,,tjZiujfKDuk,,,,2024-11-26
,,QriYcRLU_t8,,,,2024-11-26
,,0D0-FM42K9Q,,,,2024-11-26
,,itYDoDj9ge8,,,,2024-11-26
,,7t9INg7ieAc,,,,2024-11-26
,,t46rmWwYqLA,,,,2024-11-26
,,qzuPZcMiyu4,,,,2024-11-26
,,ghTwHgDmufs,,,,2024-11-26
,,H0iiPkUuvSQ,,,,2024-11-26
,,e3reho69jCQ,,,,2024-11-26
,,YptY9PX3GN0,,,,2024-11-26
,,QZdawpzgiQo,,,,2024-11-26
,,etFlrDvKuik,,,,2024-11-26
,,aV6z4wCJkEE,,,,2024-11-26
,,vxGLY96VnEg,,,,2024-11-26
,,V0u3QpyhCZ0,,,,2024-11-26
,,5Zu24S9njPc,,,,2024-11-26
,,-8OqyZighE4,,,,2024-11-26
,,8MLaMQR7FCs,,,,2024-11-26
,,ihQzfjJaZAQ,,,,2024-11-26
,,rvE_ZLY34S0,,,,2024-11-26
,,lGU47eny-JM,,,,2024-11-26
,,wn8zpM7tRtk,,,,2024-11-26
,,RUipOiQtXdI,,,,2024-11-26
,,c_G98VCH7P4,,,,2024-11-26
,,Ac_rlf4u0WE,,,,2024-11-26
,,s5044ILuJDw,,,,2024-11-26
,,r0sklcGE7yg,,,,2024-11-26
,,E_rtIH1iyns,,,,2024-11-26
,,BSwvUX9c6PM,,,,2024-11-26
,,W-BzJANn82g,,,,2024-11-26
,,5J7JdXUADo0,,,,2024-11-26
,,sFj-MPvKqqg,,,,2024-11-26
,,CRVuYDx_9yk,,,,2024-11-26
,,SE7M1sl8A4A,,,,2024-11-26
,,nzW_mBfk3oI,,,,2024-11-26
,,K8_cbyQPf9U,,,,2024-11-26
,,C8r10BAGYfo,,,,2024-11-26
,,9UqY9H8c7yg,,,,2024-11-26
,,Oxlps25D_-4,,,,2024-11-26
,,Fd-ks2Iqtyk,,,,2024-11-26
,,vREDu9IpkcQ,,,,2024-11-26
,,_B2-JKlVHCg,,,,2024-11-26
,,4u9xpGAjs-0,,,,2024-11-26
,,x8lOdchDcso,,,,2024-11-26
,,NHvl1NjdPIs,,,,2024-11-26
,,4oQ_nIoWhr8,,,,2024-11-26
,,YguWyMoEGts,,,,2024-11-26
,,NdQ_OAQ93lU,,,,2024-11-26
,,zV3G5qitIOo,,,,2024-11-26
,,beqBkCemaIo,,,,2024-11-26
,,LgAsg-ZC6HY,,,,2024-11-26
,,4Lru9wKm9RA,,,,2024-11-26
,,sH2lkPgqvYE,,,,2024-11-26
,,IG1N2eCyyiY,,,,2024-11-26
,,D-rzXTdYeTY,,,,2024-11-26
,,jCPrjb62SpA,,,,2024-11-26
,,RGObyNRMdOs,,,,2024-11-26
,,mGc_fc_YHpg,,,,2024-11-26
,,9gZezPHW_34,,,,2024-11-26
,,qI1xIiwwKiI,,,,2024-11-26
,,Cb23_Ni2WSI,,,,2024-11-26
,,I_3dDsA1BNI,,,,2024-11-26
,,wHLxZeZ9Zws,,,,2024-11-26
,,X3UjywES9u0,,,,2024-11-26
,,aOH825qZD_c,,,,2024-11-26
,,m9BJcwBd0aI,,,,2024-11-26
,,1yZbrPK-wA4,,,,2024-11-26
,,OOmXtwT5YF8,,,,2024-11-26
,,ScXl9pNl2tg,,,,2024-11-26
,,11oCXs9LYKs,,,,2024-11-26
,,PeGWekE_L0s,,,,2024-11-26
,,KvHfwjHIBt0,,,,2024-11-26
,,cVrwfSMR474,,,,2024-11-26
,,F3WL7aOmu30,,,,2024-11-26
,,K7lpRjRJ2rM,,,,2024-11-26
,,25AMdTVV6hQ,,,,2024-11-26
,,CREysI6gKXU,,,,2024-11-26
,,oB1sexa8oZg,,,,2024-11-26
,,qej6zW_GKGw,,,,2024-11-26
,,Mr9691tdhvY,,,,2024-11-26
,,UaE9hXH8EMo,,,,2024-11-26
,,06Srmhyb6lA,,,,2024-11-26
,,lcdUFlG_OnM,,,,2024-11-26
,,Mt6qq89Nmjc,,,,2024-11-26
,,zkb9v1jLjhM,,,,2024-11-26
,,LChLlPLbgdQ,,,,2024-11-26
,,ouS9C-ndTFY,,,,2024-11-26
,,jWO6l_bkPeM,,,,2024-11-26
,,lYPGuWdNRFo,,,,2024-11-26
,,AOMg-FcBtqk,,,,2024-11-26
,,4U5sk_9OMFg,,,,2024-11-26
,,iz1xg4u4UvU,,,,2024-11-26
,,eqEG3ps0Skg,,,,2024-11-26
,,0Oa3NK5sXFg,,,,2024-11-26
,,O5ZAextvMVI,,,,2024-11-26
,,mahCB9ITF-U,,,,2024-11-26
,,un5rXbuFi5c,,,,2024-11-26
,,hVztl7TCjNw,,,,2024-11-26
,,rV_OQwcWjkw,,,,2024-11-26
,,Pd-Y17FLce8,,,,2024-11-26
,,2VFwQuuiUUg,,,,2024-11-26
,,o6HYTSVlZgA,,,,2024-11-26
,,_TkzGkaV0Jc,,,,2024-11-26
,,ZbkbrIX8N3s,,,,2024-11-26
,,gHdRo9qJpac,,,,2024-11-26
,,OXebrjOXRYw,,,,2024-11-26
,,_sjgbcyCBtM,,,,2024-11-26
,,iJFTiktdWfA,,,,2024-11-26
,,8_9hVONxLV4,,,,2024-11-26
,,cQ0ADt3iBhI,,,,2024-11-26
,,kNdGiySaeMM,,,,2024-11-26
,,6TIYsMpdlqo,,,,2024-11-26
,,IeYI9W8uApM,,,,2024-11-26
,,z6Pd1qiTqls,,,,2024-11-26
,,BEu5N_uROFY,,,,2024-11-26
,,rvlMIbKKABg,,,,2024-11-26
,,VbVyW1YwRVU,,,,2024-11-26
,,Y8Y5uON5zLQ,,,,2024-11-26
,,vJiu6ox509Y,,,,2024-11-26
,,YYlgBRZajzo,,,,2024-11-26
,,MAqTdzENHxU,,,,2024-11-26
,,cZqYiWM7TAY,,,,2024-11-26
,,dz7LIJJPj2g,,,,2024-11-26
,,KjUGJcEs3iI,,,,2024-11-26
,,1KSrYffzeSQ,,,,2024-11-26
,,d9o1H7lwYMQ,,,,2024-11-26
,,lp0c19snzMU,,,,2024-11-26
,,J644ZP0GiVY,,,,2024-11-26
,,Dy4bQc9zkAE,,,,2024-11-26
,,8WKb_nc2F9A,,,,2024-11-26
,,PvYRATEff-M,,,,2024-11-26
,,rJ-hbuavgU0,,,,2024-11-26
,,ZS-JbXMfg2c,,,,2024-11-26
,,qs1R-StSbzY,,,,2024-11-26
,,oiVHCT2XwBQ,,,,2024-11-26
,,8qn04Qd9qT4,,,,2024-11-26
,,J_mT5VTwUIc,,,,2024-11-26
,,pPgRZnw63cI,,,,2024-11-26
,,0OUJzre58zQ,,,,2024-11-26
,,wjqKXmn9oBY,,,,2024-11-26
,,c-rw5ZEGIGc,,,,2024-11-26
,,C99IA0uu10k,,,,2024-11-26
,,QibOYCFMFjw,,,,2024-11-26
,,k5P4SgiMiX0,,,,2024-11-26
,,xTBnQK2yIUQ,,,,2024-11-26
,,rjVSIZounx4,,,,2024-11-26
,,UOTFfohiZOU,,,,2024-11-26
,,XShbHEj3s2Q,,,,2024-11-26
,,79Yw5OYWuqw,,,,2024-11-26
,,E-zEEKelNZc,,,,2024-11-26
,,mQP53_J6qMw,,,,2024-11-26
,,qSin7HnJ-bA,,,,2024-11-26
,,_MZlmQUsgbI,,,,2024-11-26
,,DwBzZWzTsQo,,,,2024-11-26
,,B2XJ1DzjiTs,,,,2024-11-26
,,5xgljALAL-M,,,,2024-11-26
,,iXRTTpQiNcc,,,,2024-11-26
,,qb4iL3yI8Lc,,,,2024-11-26
,,gi5BT_kUOwU,,,,2024-11-26
,,nHDl8igV72Y,,,,2024-11-26
,,HS9TvbGfehk,,,,2024-11-26
,,g3XNfbcRrg0,,,,2024-11-26
,,Zp7b_CD4Wkk,,,,2024-11-26
,,JFwpFkCA_yM,,,,2024-11-26
,,gXcFjH0K9xc,,,,2024-11-26
,,po1HsFSEWzY,,,,2024-11-26
,,_SeZBR3n6as,,,,2024-11-26
,,bK0t_POBalM,,,,2024-11-26
,,UELgdqZm3zs,,,,2024-11-26
,,BwlwQyBN2dI,,,,2024-11-26
,,z2PGluNO1xA,,,,2024-11-26
,,qul-xqgTaPc,,,,2024-11-26
,,lLH0OD3Fn00,,,,2024-11-26
,,e2bGTID8_cI,,,,2024-11-26
,,gG92RKeGHQU,,,,2024-11-26
,,xlq69vaSvpw,,,,2024-11-26
,,yzexCN95-NY,,,,2024-11-26
,,MiCGTer-gRA,,,,2024-11-26
,,u0yzSvujwLs,,,,2024-11-26
,,fzIjO6o8h94,,,,2024-11-26
,,Vr9UTL323n8,,,,2024-11-26
,,R1xhl0LTwQw,,,,2024-11-26
,,Hpi0AwgDb-k,,,,2024-11-26
,,aeBjnwCznUw,,,,2024-11-26
,,jE-nKAOBVRM,,,,2024-11-26
,,7WrTkKhthc0,,,,2024-11-26
,,LUcAKv3p2Ws,,,,2024-11-26
,,UNfRJjxyb6k,,,,2024-11-26
,,emTZCOFb6gw,,,,2024-11-26
,,3XBYjvfAs1Q,,,,2024-11-26
,,fcZggLSevTM,,,,2024-11-26
,,MWYRbNnE7o8,,,,2024-11-26
,,jSqYd_Tb2Dg,,,,2024-11-26
,,O4_uAdtfoms,,,,2024-11-26
,,ukTy3xBQ38I,,,,2024-11-26
,,f2rhNPYO7nk,,,,2024-11-26
,,Hw3HOvvmqoU,,,,2024-11-26
,,WXrWh5qlNhs,,,,2024-11-26
,,jxLIDmyIYWo,,,,2024-11-26
,,TxH2nRYQl9s,,,,2024-11-26
,,FhKry6Q4xoU,,,,2024-11-26
,,jKIwCBRCuI0,,,,2024-11-26
,,XgxJJbdNrlM,,,,2024-11-26
,,Cl5_wz3tRWE,,,,2024-11-26
,,bQwqQu1YQNQ,,,,2024-11-26
,,zcZpKk3P22c,,,,2024-11-26
,,mIC40AuN_nw,,,,2024-11-26
,,qaLQdWTXQAE,,,,2024-11-26
,,IAu2c911Hzo,,,,2024-11-26
,,pht95TxLj4w,,,,2024-11-26
,,M7IDXVHK3ck,,,,2024-11-26
,,iHCG5MnSXnY,,,,2024-11-26
,,uj7usIs5JdU,,,,2024-11-26
,,1pZImDTOkqc,,,,2024-11-26
,,lKXZ8afzQxk,,,,2024-11-26
,,IFbeahte5-Y,,,,2024-11-26
,,3yQwBe299no,,,,2024-11-26
,,OdzkuE_DsFU,,,,2024-11-26
,,fJbwF4dWtIM,,,,2024-11-26
,,cGicEVf2y34,,,,2024-11-26
,,SToHQNt0xg4,,,,2024-11-26
,,7FfNcEppXqk,,,,2024-11-26
,,AKdiZTNO7sU,,,,2024-11-26
,,LtrM8mt89XI,,,,2024-11-26
,,4P9AymFJgus,,,,2024-11-26
,,RQDFpmqL_lg,,,,2024-11-26
,,2rL8LswMKI8,,,,2024-11-26
,,Dvik8iTk3gc,,,,2024-11-26
,,u_nDYqL80Ws,,,,2024-11-26
,,07TvBFeh8RY,,,,2024-11-26
,,5_RN34LOrfU,,,,2024-11-26
,,DQKGInYM9j8,,,,2024-11-26
,,1m3k4TqWk5k,,,,2024-11-26
,,er3k57gg4yw,,,,2024-11-26
,,veqbLAvJ5nk,,,,2024-11-26
,,TXFff6FZgFc,,,,2024-11-26
,,Ab2kn40FcIY,,,,2024-11-26
,,e6cXUo-QtEY,,,,2024-11-26
,,H5925VYy30Q,,,,2024-11-26
,,7w1VvKe5yZc,,,,2024-11-26
,,zyntcBsDoP8,,,,2024-11-26
,,HTfB_0OZxBI,,,,2024-11-26
,,JMP8zOoaA8s,,,,2024-11-26
,,fHYygA-redY,,,,2024-11-26
,,sT-TDSZ6EKI,,,,2024-11-26
,,U1y8TWzJoB4,,,,2024-11-26
,,DY_nhrziy2o,,,,2024-11-26
,,vY7ti8Jky6Y,,,,2024-11-26
,,xku6WXnMuiI,,,,2024-11-26
,,D6xP6gz7y-M,,,,2024-11-26
,,kz7usQZtMf8,,,,2024-11-26
,,ehVQou_64ns,,,,2024-11-26
,,G4tsbaRqp9s,,,,2024-11-26
,,mPJ4rgMlEcM,,,,2024-11-26
,,_Bwkt3zTL9w,,,,2024-11-26
,,xDdmAoDhg4A,,,,2024-11-26
,,AzEP_Xi83uE,,,,2024-11-26
,,rYev0kNyAw8,,,,2024-11-26
,,JpeIdcgsILE,,,,2024-11-26
,,0lzotDdP9wA,,,,2024-11-26
,,NnGV35qi1e4,,,,2024-11-26
,,M-jFLfvShpU,,,,2024-11-26
,,mRwIRc2VZGU,,,,2024-11-26
,,wuJDINX22e0,,,,2024-11-26
,,uNLVVXHO0kQ,,,,2024-11-26
,,tsb_Og8sRTA,,,,2024-11-26
,,38xZl72xvKw,,,,2024-11-26
,,E56R-PFlXds,,,,2024-11-26
,,UMJslNx8ius,,,,2024-11-26
,,LcoluzsA2fE,,,,2024-11-26
,,LursuO_UjZs,,,,2024-11-26
,,lYfmtTsyZC4,,,,2024-11-26
,,gsWzvIQv9EI,,,,2024-11-26
,,XLYtsQhpbBg,,,,2024-11-26
,,Gx6Nzo2wGMA,,,,2024-11-26
,,3NMedNulhLY,,,,2024-11-26
,,eVJ4N9Uhk54,,,,2024-11-26
,,Eu1NlP_ly6Y,,,,2024-11-26
,,ulQet7lpth0,,,,2024-11-26
,,BvUgYjnAI9A,,,,2024-11-26
,,YIut_83pPxc,,,,2024-11-26
,,XOSS7Z5B4WI,,,,2024-11-26
,,JCxVOUQ_5AY,,,,2024-11-26
,,PybpctdI-0o,,,,2024-11-26
,,kqhyKnoIj8o,,,,2024-11-26
,,MpWIhMh7Lo0,,,,2024-11-26
,,d_JMxP9uKYE,,,,2024-11-26
,,e6tq7JfBkgA,,,,2024-11-26
,,9USQD1MhJUw,,,,2024-11-26
,,m5RXq3k6pP0,,,,2024-11-26
,,A4aKdMXFOdI,,,,2024-11-26
,,UXzhFzZX24s,,,,2024-11-26
,,sZKarCQzj6s,,,,2024-11-26
,,6E5xfN1pTv0,,,,2024-11-26
,,nPiaTnyEjxs,,,,2024-11-26
,,oRpxXS9niEg,,,,2024-11-26
,,9NaNssOuZnc,,,,2024-11-26
,,b1rz2ttkyik,,,,2024-11-26
,,hHnfoR_EXQ4,,,,2024-11-26
,,sdFl6-Mj1gc,,,,2024-11-26
,,04P5PleW-rc,,,,2024-11-26
,,Fp4Z-YXd2Sw,,,,2024-11-26
,,cKeucR2gDQk,,,,2024-11-26
,,YnxR_0_rwPc,,,,2024-11-26
,,Zs-vC-cKG-w,,,,2024-11-26
,,6Ky8yOt6p_I,,,,2024-11-26
,,YlIBEB8VOVE,,,,2024-11-26
,,oiR4bz_Yzuk,,,,2024-11-26
,,UecfluOAbew,,,,2024-11-26
,,Nm175FboCZQ,,,,2024-11-26
,,E0d7oT3ZzLE,,,,2024-11-26
,,6TLwzaSIiAo,,,,2024-11-26
,,K0ktJHzot0k,,,,2024-11-26
,,TPKJop9V2-o,,,,2024-11-26
,,1vpOYRX9QCk,,,,2024-11-26
,,p-70SmcOlBI,,,,2024-11-26
,,5gCKr89NtQI,,,,2024-11-26
,,aF3oyXVtHxM,,,,2024-11-26
,,XJWDHoODWCE,,,,2024-11-26
,,HLiFELwTF0s,,,,2024-11-26
,,07DWfWINWyg,,,,2024-11-26
,,ysUDTmVD8o0,,,,2024-11-26
,,V-HXoO7ad2o,,,,2024-11-26
,,BW60htyPwpc,,,,2024-11-26
,,PAh0F--0NiA,,,,2024-11-26
,,ACzmMf-_914,,,,2024-11-26
,,_V4RRu2EZIs,,,,2024-11-26
,,OkjWBlonAuk,,,,2024-11-26
,,yK_ee5lC2rs,,,,2024-11-26
,,ysMTLMcWncc,,,,2024-11-26
,,rzfwUr-vAcU,,,,2024-11-26
,,8mi_SgRNiPk,,,,2024-11-26
,,9kSCrVoo0Qo,,,,2024-11-26
,,w7xEF7kRf60,,,,2024-11-26
,,zv_OwHwZ_LI,,,,2024-11-26
,,x7xfO1Ga7W4,,,,2024-11-26
,,xEOzSDDGMxY,,,,2024-11-26
,,ViH2HjFyuV0,,,,2024-11-26
,,4OkQ94j0xAU,,,,2024-11-26
,,j4VJMlyBFSI,,,,2024-11-26
,,L46Et-lWK4I,,,,2024-11-26
,,ZvG6qxUiTNg,,,,2024-11-26
,,_mt1qyjwkuc,,,,2024-11-26
,,DySAExjazss,,,,2024-11-26
,,Ate9fFZBKCM,,,,2024-11-26
,,fLCE0VB4MvY,,,,2024-11-26
,,h_LVsb7_NoM,,,,2024-11-26
,,67dooU-Plzw,,,,2024-11-26
,,MSTHMwnIDQk,,,,2024-11-26
,,-LtZB3VqQDM,,,,2024-11-26
,,uBip8Hz5Y5w,,,,2024-11-26
,,EJ2KhFDEXAA,,,,2024-11-26
,,yOE0lpby2ls,,,,2024-11-26
,,LqsDgrrtgTs,,,,2024-11-26
,,Q0fO6l9vfu0,,,,2024-11-26
,,SvlQ1RHC66o,,,,2024-11-26
,,H8UAFhH4Rio,,,,2024-11-26
,,QH21-AA3EWw,,,,2024-11-26
,,-B71ZvjkYAE,,,,2024-11-26
,,RYyoX0WUuRM,,,,2024-11-26
,,-YOTXAo5gLU,,,,2024-11-26
,,y_SsBwhud1M,,,,2024-11-26
,,553d1Y5mEoc,,,,2024-11-26
,,UPprG0uIgCE,,,,2024-11-26
,,KDC4No14LCM,,,,2024-11-26
,,w18TEzvmG90,,,,2024-11-26
,,9G_NDUTnXNA,,,,2024-11-26
,,6GvEZTdAuLE,,,,2024-11-26
,,-XRsj2EBkaQ,,,,2024-11-26
,,4HFNif8y7y8,,,,2024-11-26
,,6joPMRdyDQo,,,,2024-11-26
,,cicyE4XpNKk,,,,2024-11-26
,,366JVag1AHk,,,,2024-11-26
,,ApLTHDebIoE,,,,2024-11-26
,,a3Jm6mdEToQ,,,,2024-11-26
,,9LMfTKZKovI,,,,2024-11-26
,,JaxA8-akojM,,,,2024-11-26
,,xfTOn2DU3jE,,,,2024-11-26
,,pA1G1mrb8_I,,,,2024-11-26
,,YJePuKhZ5Kw,,,,2024-11-26
,,6VtywIHgHZ8,,,,2024-11-26
,,jW-rs7fifnY,,,,2024-11-26
,,dh4LvNxc1Yk,,,,2024-11-26
,,vsV-TNLpOqA,,,,2024-11-26
,,2H2Yvilz2BE,,,,2024-11-26
,,NJKxSOnnb68,,,,2024-11-26
,,5vVuTjGOS8E,,,,2024-11-26
,,N3t2TB_QHRE,,,,2024-11-26
,,i7qej5xNz_8,,,,2024-11-26
,,TXpS-xf2m1U,,,,2024-11-26
,,9uad-UVNoMc,,,,2024-11-26
,,PtkcrAJaRnY,,,,2024-11-26
,,qI6pce34FCQ,,,,2024-11-26
,,CpVu5Fz23dE,,,,2024-11-26
,,t0zE9UlANh8,,,,2024-11-26
,,HCx5OamzUNo,,,,2024-11-26
,,b_PpMhO2VIg,,,,2024-11-26
,,7vogxy3fu30,,,,2024-11-26
,,UET2T3F4zQo,,,,2024-11-26
,,eWuXIcRaA8U,,,,2024-11-26
,,MBePYylHkmE,,,,2024-11-26
,,6qk4ecHNT3E,,,,2024-11-26
,,2u6nnc0y9Tw,,,,2024-11-26
,,7n4TDmfAoEc,,,,2024-11-26
,,lgnLk6zshDo,,,,2024-11-26
,,cbRz_KLutc8,,,,2024-11-26
,,_yG-Capg5Z8,,,,2024-11-26
,,jUES9iJf4L4,,,,2024-11-26
,,0N_ndaYSXhU,,,,2024-11-26
,,eF2a9pfqRzw,,,,2024-11-26
,,KKiXQ7BhTiw,,,,2024-11-26
,,YpI0u9AHOwE,,,,2024-11-26
,,-MtXaFJPCp8,,,,2024-11-26
,,1F8SbstkaNk,,,,2024-11-26
,,Gkx8gRWAbKg,,,,2024-11-26
,,kyDys1fQ_Fc,,,,2024-11-26
,,92MF3yEQ7-0,,,,2024-11-26
,,os69Vxt06cc,,,,2024-11-26
,,ZitdkRctUCw,,,,2024-11-26
,,kOTYasvt_9g,,,,2024-11-26
,,wRcK0Ewc8hI,,,,2024-11-26
,,95UIJlbvGHU,,,,2024-11-26
,,pA9CH0VC7uo,,,,2024-11-26
,,4e6BPXVCNg0,,,,2024-11-26
,,iS5yw5YnNC8,,,,2024-11-26
,,rczHhVc0QUE,,,,2024-11-26
,,QpUQ894wiTQ,,,,2024-11-26
,,clG_Kpivkjw,,,,2024-11-26
,,1zcLnptJjTI,,,,2024-11-26
,,W-kskp6XdGE,,,,2024-11-26
,,5DnarbbmW_0,,,,2024-11-26
,,YYFCJPcpK_0,,,,2024-11-26
,,oZ6ZuZXuPb8,,,,2024-11-26
,,TI8d_bemFes,,,,2024-11-26
,,ScN8g_qd-kA,,,,2024-11-26
,,ug9Tex23S_U,,,,2024-11-26
,,xuUXnYme3FU,,,,2024-11-26
,,s6hjail_nfM,,,,2024-11-26
,,orRouTEsV8Q,,,,2024-11-26
,,2__ZJ6M2wZA,,,,2024-11-26
,,tQQL1ZEiZcs,,,,2024-11-26
,,i4gK7w5W1x4,,,,2024-11-26
,,n7v7oUaBqNY,,,,2024-11-26
,,fOljnvBmyS4,,,,2024-11-26
,,dvVVHAJjRjo,,,,2024-11-26
,,TlsUEV6Xquw,,,,2024-11-26
,,R9LkWjW915A,,,,2024-11-26
,,MQEyYz6UWMs,,,,2024-11-26
,,x0fxjtTmTxk,,,,2024-11-26
,,JRpvaosFmwk,,,,2024-11-26
,,JKy9Y6zgex8,,,,2024-11-26
,,xRQ-LpXngXo,,,,2024-11-26
,,K9xf26ZGgMk,,,,2024-11-26
,,mXnn44np1Kc,,,,2024-11-26
,,tc_EaoKQ1-Y,,,,2024-11-26
,,zqbe3jczfQo,,,,2024-11-26
,,O0--Y0tUCoQ,,,,2024-11-26
,,3HBYSIRzPE0,,,,2024-11-26
,,34Ydt6vTvVE,,,,2024-11-26
,,DD4bPiT8kUA,,,,2024-11-26
,,rYOjm2-_nB4,,,,2024-11-26
,,UEVLMJMR3mQ,,,,2024-11-26
,,4uDYhrRdiig,,,,2024-11-26
,,SeAg3KA5gr0,,,,2024-11-26
,,_KtEbI0EU8k,,,,2024-11-26
,,8tkLeEkPedo,,,,2024-11-26
,,pCKwOUYkS0I,,,,2024-11-26
,,5lCOLwqkKDI,,,,2024-11-26
,,GWNX2GJc03k,,,,2024-11-26
,,IoLH9Y_iPvI,,,,2024-11-26
,,MaB2DSli0J8,,,,2024-11-26
,,1Nywn2bAPQk,,,,2024-11-26
,,PrgeoEAmZwU,,,,2024-11-26
,,f6JX8WEYr3Q,,,,2024-11-26
,,KZA7ZRNFESQ,,,,2024-11-26
,,d7d-MHjplgg,,,,2024-11-26
,,z50llFh0Brk,,,,2024-11-26
,,dit0YUUX1y4,,,,2024-11-26
,,DQcPLENvRn0,,,,2024-11-26
,,i5Nhex8J_io,,,,2024-11-26
,,I9UZckhOLDM,,,,2024-11-26
,,VuiI4AaftKE,,,,2024-11-26
,,Vf3IpQlVznI,,,,2024-11-26
,,RLJFZjNKdI8,,,,2024-11-26
,,rONye-RhmeY,,,,2024-11-26
,,lHW1bqhwNME,,,,2024-11-26
,,__unZyIWsvs,,,,2024-11-26
,,QrKEGDLRlUA,,,,2024-11-26
,,PcZ9H627rEE,,,,2024-11-26
,,NNY7JdPgz-k,,,,2024-11-26
,,t9zhkfv1Cfk,,,,2024-11-26
,,KU5AEKGN9Pg,,,,2024-11-26
,,iSz1gxi_7uo,,,,2024-11-26
,,bze7gLFC7mI,,,,2024-11-26
,,qFSEexT1UY0,,,,2024-11-26
,,z_kQcZdQk3E,,,,2024-11-26
,,AGUmXLpGqng,,,,2024-11-26
,,3l4DHz4nKf8,,,,2024-11-26
,,HH3NgbzploA,,,,2024-11-26
,,69ToK6BV9vU,,,,2024-11-26
,,pkGlLdqGu3w,,,,2024-11-26
,,ndortcL-obU,,,,2024-11-26
,,6TttNECcvBo,,,,2024-11-26
,,-CF__uOKFbg,,,,2024-11-26
,,YPG4DU6eG8w,,,,2024-11-26
,,cqPrQKAHBVc,,,,2024-11-26
,,GReS0kBa4xM,,,,2024-11-26
,,Qw0suNp1wV0,,,,2024-11-26
,,5uaPgbzV3_U,,,,2024-11-26
,,Rbx9guQp6kg,,,,2024-11-26
,,htPfYPcZdd8,,,,2024-11-26
,,ICH6K4IAha4,,,,2024-11-26
,,lgy4Uw8qLGQ,,,,2024-11-26
,,6WT3Kmz9Ins,,,,2024-11-26
,,FCHWrRi2sX0,,,,2024-11-26
,,6ZeWz86oM4I,,,,2024-11-26
,,KFzmbm_Mh_o,,,,2024-11-26
,,8bMDLlsismA,,,,2024-11-26
,,XqOVLu3eAZc,,,,2024-11-26
,,4qtSmSTrbMI,,,,2024-11-26
,,2hziXcl9bfU,,,,2024-11-26
,,ofPyRfmH7AA,,,,2024-11-26
,,FsGD10fiPgQ,,,,2024-11-26
,,P8FaiJormJw,,,,2024-11-26
,,JDwBjGKS1Ek,,,,2024-11-26
,,g0lJRP8XPsY,,,,2024-11-26
,,yehSUXEl4s0,,,,2024-11-26
,,GlNjudddMOg,,,,2024-11-26
,,y_3LTIL7prk,,,,2024-11-26
,,6nvD7xSz3gg,,,,2024-11-26
,,MgdrSwoin-M,,,,2024-11-26
,,cu_wR80RIzE,,,,2024-11-26
,,05CT6AvCRFM,,,,2024-11-26
,,NEjrCFQADtA,,,,2024-11-26
,,5lyU8AMcw30,,,,2024-11-26
,,EngRf7aHckk,,,,2024-11-26
,,NJAkRBaG2qk,,,,2024-11-26
,,rU6jbr6vaaA,,,,2024-11-26
,,3X-lQfFsdt8,,,,2024-11-26
,,5Fc1R0X-TX8,,,,2024-11-26
,,4UnKNMgDN-k,,,,2024-11-26
,,EblaeU8mgl0,,,,2024-11-26
,,xn2Ri949soM,,,,2024-11-26
,,-53DnmXBkNA,,,,2024-11-26
,,VKbt1sQwX0U,,,,2024-11-26
,,tpMHNnkvRh8,,,,2024-11-26
,,15fGppPyDvI,,,,2024-11-26
,,WdsEmMnW-J8,,,,2024-11-26
,,y3LiFaEKe30,,,,2024-11-26
,,kgXSQM7mt3s,,,,2024-11-26
,,67SaVXfBHQM,,,,2024-11-26
,,sTjwo3hnUpY,,,,2024-11-26
,,mq7Vbb0ZlbY,,,,2024-11-26
,,crnpqwrP1tc,,,,2024-11-26
,,XqJ-onG8r44,,,,2024-11-26
,,8rdAlPyTP1g,,,,2024-11-26
,,x7hUwMmHPLI,,,,2024-11-26
,,XljaPtVJNhk,,,,2024-11-26
,,NIBPSSj3Atk,,,,2024-11-26
,,wM-gVReSDqU,,,,2024-11-26
,,WujeFs9loeo,,,,2024-11-26
,,hCsmKtp15CU,,,,2024-11-26
,,Pd3UlzUr5jE,,,,2024-11-26
,,OMdOKCBVRzs,,,,2024-11-26
,,z-ZYN9KgFDM,,,,2024-11-26
,,jDw7ElFEG8k,,,,2024-11-26
,,lo-xLyR3CTE,,,,2024-11-26
,,0CwdBmO2PMw,,,,2024-11-26
,,hzx_tx-XFz4,,,,2024-11-26
,,BODNEBlVeCQ,,,,2024-11-26
,,yUuAZRESixA,,,,2024-11-26
,,dAzKXuWxs1w,,,,2024-11-26
,,imWU16h-3pc,,,,2024-11-26
,,wBLilHV-HwY,,,,2024-11-26
,,Ivet_lmwsL4,,,,2024-11-26
,,z24nVm73wMg,,,,2024-11-26
,,XaFgtnyVGhA,,,,2024-11-26
,,04WEjKakCnM,,,,2024-11-26
,,eZKHuqifD4s,,,,2024-11-26
,,wcgI9Nz_Yzw,,,,2024-11-26
,,FzGQrF69HjQ,,,,2024-11-26
,,Q-RiSSySauI,,,,2024-11-26
,,vZp4sC9kh5U,,,,2024-11-26
,,oLyqWY_aeY0,,,,2024-11-26
,,RUynLHbZEkM,,,,2024-11-26
,,nh0tGDE9_eA,,,,2024-11-26
,,ejeNxJ-8W38,,,,2024-11-26
,,OpKS23zZK7U,,,,2024-11-26
,,HhbGtyNtpjo,,,,2024-11-26
,,OEHE5Cx40eI,,,,2024-11-26
,,L4MImHqBcds,,,,2024-11-26
,,pibe-xmD4Yk,,,,2024-11-26
,,dfMOnlSAnT0,,,,2024-11-26
,,SWTiW-csHoI,,,,2024-11-26
,,xNzhcFcHOoc,,,,2024-11-26
,,j1_Q3luQovc,,,,2024-11-26
,,q2LQHVfX7_c,,,,2024-11-26
,,7P15BenmpQk,,,,2024-11-26
,,IwF_LKMb0nw,,,,2024-11-26
,,TMq8grOzeCk,,,,2024-11-26
,,QuPeDPm9-BM,,,,2024-11-26
,,L10uCNAOW2E,,,,2024-11-26
,,O-DDQ_kxvYE,,,,2024-11-26
,,gmLtLnjMKcY,,,,2024-11-26
,,sXoWFI35_LU,,,,2024-11-26
,,dwgdCxgZIZg,,,,2024-11-26
,,0B7xFzzxAz8,,,,2024-11-26
,,GhE2hsAGjyE,,,,2024-11-26
,,yRFEEXTqCq8,,,,2024-11-26
,,D7qrzcG-mxA,,,,2024-11-26
,,ybpH6mhaWyo,,,,2024-11-26
,,vAZrVXL1VLY,,,,2024-11-26
,,f7CvvxxReGI,,,,2024-11-26
,,SML-S4awhzY,,,,2024-11-26
,,R9LMJWjHGeE,,,,2024-11-26
,,q_ZjVzXKFcQ,,,,2024-11-26
,,wPVzCTld2lU,,,,2024-11-26
,,bYxYeI7X1Dw,,,,2024-11-26
,,gybGTqaVitY,,,,2024-11-26
,,X-N9t0PqWz0,,,,2024-11-26
,,dG8sE8_i0b8,,,,2024-11-26
,,ImW2uLC5thU,,,,2024-11-26
,,tfx3ku8JUuU,,,,2024-11-26
,,mngDwpg3858,,,,2024-11-26
,,9nLgUbrMYaM,,,,2024-11-26
,,uhz0M7B9AtU,,,,2024-11-26
,,psgAppkl9s8,,,,2024-11-26
,,4wwiH2ybCuk,,,,2024-11-26
,,0nDGd6xy_AY,,,,2024-11-26
,,Ob3bf-CDU-M,,,,2024-11-26
,,OJXLDWiMrjc,,,,2024-11-26
,,TVoYX_6qUWQ,,,,2024-11-26
,,-_bqVgmNsiQ,,,,2024-11-26
,,Pjxqys6CqNM,,,,2024-11-26
,,cLIEFK2P-UM,,,,2024-11-26
,,It-3As2gYxI,,,,2024-11-26
,,46X4M5X39g8,,,,2024-11-26
,,Olr1m1LPdq0,,,,2024-11-26
,,8tisPa1CqHk,,,,2024-11-26
,,xGMGSqbkMrE,,,,2024-11-26
,,EWI53rrlXFE,,,,2024-11-26
,,bmP4YwAMkR0,,,,2024-11-26
,,43obFqawXA0,,,,2024-11-26
,,Dgs-XcLv-XU,,,,2024-11-26
,,m-V_NBxYfIU,,,,2024-11-26
,,n-1EZgpy8Jw,,,,2024-11-26
,,p2wG6PuTdF0,,,,2024-11-26
,,eGBx9s-Rey0,,,,2024-11-26
,,TLr_uYRdpKY,,,,2024-11-26
,,n-AHnXd-vhY,,,,2024-11-26
,,3GiEOUtKU9k,,,,2024-11-26
,,ldSigkFbnak,,,,2024-11-26
,,wvicu-9UeSs,,,,2024-11-26
,,Igw_56Yq6UE,,,,2024-11-26
,,jdPFEXBtwWE,,,,2024-11-26
,,fn_VTsaudyY,,,,2024-11-26
,,sBTKGHGgspM,,,,2024-11-26
,,v-1n5h89DY0,,,,2024-11-26
,,9JfnSBtGIAM,,,,2024-11-26
,,r19lgB0YvQI,,,,2024-11-26
,,3CjY-gMybSw,,,,2024-11-26
,,DvYjoywWGe0,,,,2024-11-26
,,sEUY9Z96vQA,,,,2024-11-26
,,SLWvqrYfShQ,,,,2024-11-26
,,WyqP5mg2WdQ,,,,2024-11-26
,,qi4Z8lMqzw8,,,,2024-11-26
,,npEU1IaRRMI,,,,2024-11-26
,,Hkp1bZj9GQE,,,,2024-11-26
,,7KyvCQCZxHo,,,,2024-11-26
,,mrwDqsdWALA,,,,2024-11-26
,,vVNQGYEYesg,,,,2024-11-26
,,vpL5CTmFMZU,,,,2024-11-26
,,Uy3muW49JbU,,,,2024-11-26
,,EGDOAFV-cis,,,,2024-11-26
,,GL613M0XhfQ,,,,2024-11-26
,,0mJuwIaKAKU,,,,2024-11-26
,,o1QiPn2ecQc,,,,2024-11-26
,,EsVOXyGyCK4,,,,2024-11-26
,,hWrEvJpomzE,,,,2024-11-26
,,Ve7pqO6SXZY,,,,2024-11-26
,,WuTrygfim6c,,,,2024-11-26
,,DpmsGK3YqVA,,,,2024-11-26
,,Y5NbDTNJLl0,,,,2024-11-26
,,cZBkHUFi5kY,,,,2024-11-26
,,0EJjTnTcnEw,,,,2024-11-26
,,APg1GoHafRk,,,,2024-11-26
,,t5hyfcLrFZ8,,,,2024-11-26
,,HUOAZoZdtSY,,,,2024-11-26
,,IXcq764pynE,,,,2024-11-26
,,aD2vJENhzF8,,,,2024-11-26
,,SMRP17aAfQI,,,,2024-11-26
,,j1nVBZVHqG8,,,,2024-11-26
,,VYoxsIHVmpc,,,,2024-11-26
,,damSmNDLtf0,,,,2024-11-26
,,mOsoHNhwEAY,,,,2024-11-26
,,JN3vdGVMXcI,,,,2024-11-26
,,JPJtUD9j9x0,,,,2024-11-26
,,9PF1z_5jj1Y,,,,2024-11-26
,,iMgOQ2idDdA,,,,2024-11-26
,,io4L4AkoWYI,,,,2024-11-26
,,x_55PsbK4F4,,,,2024-11-26
,,SQpMy72V9SQ,,,,2024-11-26
,,aCx2pCuzLhM,,,,2024-11-26
,,3XkXIRiuySo,,,,2024-11-26
,,5dumr4nTeWk,,,,2024-11-26
,,bAXp49x_uRQ,,,,2024-11-26
,,rsGVWXTd_EI,,,,2024-11-26
,,NQmfP7vBjwk,,,,2024-11-26
,,CP80pu-8iH0,,,,2024-11-26
,,bmpmRE_dK9Y,,,,2024-11-26
,,g1LgFx1ruG0,,,,2024-11-26
,,sytsTagrCXM,,,,2024-11-26
,,owOGD4Hu26Y,,,,2024-11-26
,,3VIaSiUuWgs,,,,2024-11-26
,,53SzIS6LY8Q,,,,2024-11-26
,,bhjSwp0hMuk,,,,2024-11-26
,,bT8yDSRADNA,,,,2024-11-26
,,4OLZCaWfDLc,,,,2024-11-26
,,1JALTYqY8dM,,,,2024-11-26
,,MfT4mkhokho,,,,2024-11-26
,,LdeOqgMSHo8,,,,2024-11-26
,,fM8_k0kfg2o,,,,2024-11-26
,,etdTUM60cic,,,,2024-11-26
,,UE15o8FR7Io,,,,2024-11-26
,,PsRrfxvMgaA,,,,2024-11-26
,,wtUichqp668,,,,2024-11-26
,,Jlq3CbeYmko,,,,2024-11-26
,,R9O7p5io0lo,,,,2024-11-26
,,W_xPPrxKnbQ,,,,2024-11-26
,,PkjZV4DpC4g,,,,2024-11-26
,,tmRHog2NPtA,,,,2024-11-26
,,E2aCXtLKS8c,,,,2024-11-26
,,Rt4FbJpNmhM,,,,2024-11-26
,,KdTjVv7daXU,,,,2024-11-26
,,bWAcFsSXbEM,,,,2024-11-26
,,xPObiz9IMIY,,,,2024-11-26
,,CVsCEHguq3I,,,,2024-11-26
,,vqsQ-uUYvjM,,,,2024-11-26
,,D1DcLVGYGxo,,,,2024-11-26
,,fXS7LbZr1H0,,,,2024-11-26
,,uakRsd-E_2k,,,,2024-11-26
,,kR94-DjTRik,,,,2024-11-26
,,aOnGQj1yaYo,,,,2024-11-26
,,dVsNvYq3jIc,,,,2024-11-26
,,sGQTJULkpJA,,,,2024-11-26
,,bzI-rkvDndQ,,,,2024-11-26
,,zI8-JZH3fa0,,,,2024-11-26
,,ZWZ-MQVLJ3U,,,,2024-11-26
,,9aMVUjZMX6o,,,,2024-11-26
,,688E6-NxqHA,,,,2024-11-26
,,iDx9vPnRAuM,,,,2024-11-26
,,89J3QfOW5eg,,,,2024-11-26
,,TY68qXhkGlw,,,,2024-11-26
,,RKXlMXouaK8,,,,2024-11-26
,,QXI2XJbw81U,,,,2024-11-26
,,kc-eMp88Tu4,,,,2024-11-26
,,9QkB03SzjQU,,,,2024-11-26
,,PJsobExj7-A,,,,2024-11-26
,,SQPTGjE32vA,,,,2024-11-26
,,k9UoKlMzDrU,,,,2024-11-26
,,bsS82fadrLg,,,,2024-11-26
,,0vRKfPO4weo,,,,2024-11-26
,,yMtf7C1m-Qs,,,,2024-11-26
,,2_V04wKOUpY,,,,2024-11-26
,,DEswGPj8k68,,,,2024-11-26
,,eSW8CECvbKA,,,,2024-11-26
,,-7gkiX6DWMA,,,,2024-11-26
,,MztfEOlrrXc,,,,2024-11-26
,,XnO_0WndX_Q,,,,2024-11-26
,,PUUN5pO7fi0,,,,2024-11-26
,,ueFON3M9kng,,,,2024-11-26
,,fMSXnTTSaYQ,,,,2024-11-26
,,Dq1vz8Xbabk,,,,2024-11-26
,,dRpL5ifjx1M,,,,2024-11-26
,,JfSnFzF_f4g,,,,2024-11-26
,,wkOIFhWOJmM,,,,2024-11-26
,,tAwY1tZCTRQ,,,,2024-11-26
,,1oLs_1LB4VQ,,,,2024-11-26
,,gERLzIk2NqQ,,,,2024-11-26
,,-CE30u7o4kk,,,,2024-11-26
,,c8qi_L-kj58,,,,2024-11-26
,,hyI44glIFj4,,,,2024-11-26
,,K1sXf7fpdYk,,,,2024-11-26
,,4q8Bp-3-EEU,,,,2024-11-26
,,Ec7zSCJAO1E,,,,2024-11-26
,,YDDgLABmXIU,,,,2024-11-26
,,7CJzwUxp_Qo,,,,2024-11-26
,,O9NTX6NyIpk,,,,2024-11-26
,,nfOJ9PzVpPI,,,,2024-11-26
,,7lGtWulIuT4,,,,2024-11-26
,,qwuIOz2ZsXs,,,,2024-11-26
,,svEdk2DMTIg,,,,2024-11-26
,,Q5c0s_08l5A,,,,2024-11-26
,,wSvVne35p1U,,,,2024-11-26
,,wsiDzA-LKUM,,,,2024-11-26
,,BlBbl29zuvs,,,,2024-11-26
,,L9_KiVDfVhI,,,,2024-11-26
,,mvFrVbhkakU,,,,2024-11-26
,,tjVjSturqFU,,,,2024-11-26
,,aBzIESOG3_0,,,,2024-11-26
,,82fB8LETItQ,,,,2024-11-26
,,Qpc3CwJDt0M,,,,2024-11-26
,,HLgon1qrHbQ,,,,2024-11-26
,,YqjAcmfQ7k0,,,,2024-11-26
,,L8Wq1Tvu2Qg,,,,2024-11-26
,,V2gIsoKV27A,,,,2024-11-26
,,x75FRJK6qoA,,,,2024-11-26
,,Cx-XAoPle-Q,,,,2024-11-26
,,I4WxauDr6XA,,,,2024-11-26
,,oFs5ZahB3zw,,,,2024-11-26
,,kZ-fs9SFH68,,,,2024-11-26
,,1tqBHqU_tx4,,,,2024-11-26
,,PvD7hLDhEYM,,,,2024-11-26
,,fz2r5Qsx2Z8,,,,2024-11-26
,,WODk8hqDLyk,,,,2024-11-26
,,Ojc8esQUTrE,,,,2024-11-26
,,qUM2fCyrArk,,,,2024-11-26
,,Hdryo2E14zI,,,,2024-11-26
,,OMNqftrRcbw,,,,2024-11-26
,,e5gHHgvjQ14,,,,2024-11-26
,,u-kwOVc5gfE,,,,2024-11-26
,,eNI3g27JC-M,,,,2024-11-26
,,z4N6HUEqMU8,,,,2024-11-26
,,H1XG5QbZqvw,,,,2024-11-26
,,f5H0JdRYNic,,,,2024-11-26
,,71NKDQXBr78,,,,2024-11-26
,,rn2O_LIOl1s,,,,2024-11-26
,,Jkj6o-sqq3s,,,,2024-11-26
,,jU_lGD9brik,,,,2024-11-26
,,f9bMmBCOfBQ,,,,2024-11-26
,,UCFO5UoU-Ww,,,,2024-11-26
,,MomhnKjqmCc,,,,2024-11-26
,,tWb5wI6z0v0,,,,2024-11-26
,,vhZVnHnCYcI,,,,2024-11-26
,,_Qo3KMj3WXs,,,,2024-11-26
,,PhDtIHo29ts,,,,2024-11-26
,,bLh1vkr_CbQ,,,,2024-11-26
,,4iNXn3l-7SI,,,,2024-11-26
,,1Fm3-kUvhek,,,,2024-11-26
,,01VJv6S8U5Q,,,,2024-11-26
,,lL4Wnf1y0nA,,,,2024-11-26
,,NTAgcuTdqWA,,,,2024-11-26
,,3qIDgX2Iq6c,,,,2024-11-26
,,dcXVje5o9lE,,,,2024-11-26
,,bg3s-qlpghU,,,,2024-11-26
,,3CMe0KMMLSs,,,,2024-11-26
,,uwxSfh9jVfc,,,,2024-11-26
,,eTs3A5HhSkY,,,,2024-11-26
,,dTSiEZKsKPI,,,,2024-11-26
,,4ee0fkoijyg,,,,2024-11-26
,,xN903Xl4KKc,,,,2024-11-26
,,vHD1vLKQl8M,,,,2024-11-26
,,9QGahabnDao,,,,2024-11-26
,,s7sIWzFmkbA,,,,2024-11-26
,,VCM8VXfpXn4,,,,2024-11-26
,,v9H_o-qTqCw,,,,2024-11-26
,,YxonNzrQntk,,,,2024-11-26
,,KUHrGHs2exA,,,,2024-11-26
,,n1USAgmxwq4,,,,2024-11-26
,,87_qU6jab-s,,,,2024-11-26
,,f-PQuXKcCiA,,,,2024-11-26
,,-RTTuscxjgk,,,,2024-11-26
,,82Rxng_NfD0,,,,2024-11-26
,,SaiMWu4M-Q8,,,,2024-11-26
,,F88g7aXwLXw,,,,2024-11-26
,,3Mxy3EbHjcw,,,,2024-11-26
,,H4WIm7Qp4F8,,,,2024-11-26
,,Np61rhz-9gw,,,,2024-11-26
,,MwGrwonNjWE,,,,2024-11-26
,,u22XLRTxJkc,,,,2024-11-26
,,tzmzD9qgwN4,,,,2024-11-26
,,mgiZL2y09nU,,,,2024-11-26
,,RAGWbwdbhDs,,,,2024-11-26
,,mL13IhbNpoM,,,,2024-11-26
,,fcc6EIkd3n4,,,,2024-11-26
,,EEsYbgzMIhs,,,,2024-11-26
,,kHoB0fhTPsQ,,,,2024-11-26
,,j3Sq8jvDEbc,,,,2024-11-26
,,Nd8OWCsPK_k,,,,2024-11-26
,,GvC4OR-d8ZY,,,,2024-11-26
,,c0hY4EiUOvs,,,,2024-11-26
,,0fzxpR0_2hI,,,,2024-11-26
,,wcTHz6Yc_Yc,,,,2024-11-26
,,f8sLh8G9h-g,,,,2024-11-26
,,EMAdBB42KqQ,,,,2024-11-26
,,lCDBW_ToUBw,,,,2024-11-26
,,3YE5O_0BjSA,,,,2024-11-26
,,4RTfhUr-5SM,,,,2024-11-26
,,kDVSPUmVl8I,,,,2024-11-26
,,otg98YqetDo,,,,2024-11-26
,,GCIdFwRRbes,,,,2024-11-26
,,kQaw3zDbvjc,,,,2024-11-26
,,75LIKnP6HII,,,,2024-11-26
,,sYuvq98tIo4,,,,2024-11-26
,,I7h9t-YaGeY,,,,2024-11-26
,,__wpIOeaFOA,,,,2024-11-26
,,b5Afc5whv08,,,,2024-11-26
,,PKK6cecJTis,,,,2024-11-26
,,7slm7rpWubo,,,,2024-11-26
,,vX7Q6HWciFo,,,,2024-11-26
,,_hmJTdpbNs8,,,,2024-11-26
,,flQWpx2dVbE,,,,2024-11-26
,,2d5-56I-7LE,,,,2024-11-26
,,25RFNfywoTY,,,,2024-11-26
,,wVlvEzByod8,,,,2024-11-26
,,xudjSvFhiw0,,,,2024-11-26
,,r85plwp-L4U,,,,2024-11-26
,,6SbY2ci71FE,,,,2024-11-26
,,XDCdYQ7g5Vg,,,,2024-11-26
,,c_BgwrNPhhw,,,,2024-11-26
,,Hmp1UBLNNlI,,,,2024-11-26
,,iEF71n0yFI0,,,,2024-11-26
,,OKFzjVp81IU,,,,2024-11-26
,,NPDrD5DzNYw,,,,2024-11-26
,,oVyyt1JcQ8g,,,,2024-11-26
,,KkC9-KFjLl0,,,,2024-11-26
,,xRG19i4ADjU,,,,2024-11-26
,,jEhIgFDofyY,,,,2024-11-26
,,KaV9WExZspk,,,,2024-11-26
,,ZVE0JYO5nn4,,,,2024-11-26
,,CKIFKeoCDFk,,,,2024-11-26
,,R_jZ-qpmMXU,,,,2024-11-26
,,wfHyDWukIxo,,,,2024-11-26
,,5jPZ02DEdJc,,,,2024-11-26
,,H7z9QDqDuyo,,,,2024-11-26
,,d9Mx6OzMdIE,,,,2024-11-26
,,ftfVaVs9InU,,,,2024-11-26
,,KIfrLgz3sKE,,,,2024-11-26
,,6bLhvEzRxaY,,,,2024-11-26
,,Qp6GYlBo0zg,,,,2024-11-26
,,XUGmR1e7c9g,,,,2024-11-26
,,38mzADNr54c,,,,2024-11-26
,,yZ6_EFxR8E8,,,,2024-11-26
,,Gpx7PVEHxbs,,,,2024-11-26
,,l68aKca0P3g,,,,2024-11-26
,,pROlAV-AM9o,,,,2024-11-26
,,2g6XYVGMpC0,,,,2024-11-26
,,44EJRInTv24,,,,2024-11-26
,,0BmK_dWTfxU,,,,2024-11-26
,,2LEidvpNeCE,,,,2024-11-26
,,IT_HOJsZ-0g,,,,2024-11-26
,,uPs9ypF6Kik,,,,2024-11-26
,,LHTxtzZiDB0,,,,2024-11-26
,,cPUlTOVT8xw,,,,2024-11-26
,,GBuxY3hu_mc,,,,2024-11-26
,,CUAahreRuHw,,,,2024-11-26
,,f53hSdngKgs,,,,2024-11-26
,,nKML0mfY9pg,,,,2024-11-26
,,wWzrCLW2sNc,,,,2024-11-26
,,z_0m3XGpfWU,,,,2024-11-26
,,Oc8u5dBYjBA,,,,2024-11-26
,,0jOERYgxjsQ,,,,2024-11-26
,,LGINBQk5JIo,,,,2024-11-26
,,xtJEIccua5w,,,,2024-11-26
,,sF2-nR2q4dQ,,,,2024-11-26
,,KnYPYqhaQM0,,,,2024-11-26
,,sPYa0kGJUqc,,,,2024-11-26
,,eN6pPqQ7m30,,,,2024-11-26
,,phRRPOw6R3k,,,,2024-11-26
,,kttlh_Buc3k,,,,2024-11-26
,,3KweJMBYILg,,,,2024-11-26
,,wQ4hMjKQvF0,,,,2024-11-26
,,sl_UCIVPfL8,,,,2024-11-26
,,5ss2ZhSE5d0,,,,2024-11-26
,,95rUd446iAY,,,,2024-11-26
,,FjMy91Yjc7c,,,,2024-11-26
,,15In8i4vSoA,,,,2024-11-26
,,kgVSuQEcGcc,,,,2024-11-26
,,qutLOdXUpYU,,,,2024-11-26
,,5F52Qjas6wI,,,,2024-11-26
,,Ap-jdQYjlsI,,,,2024-11-26
,,JdEnn803Tao,,,,2024-11-26
,,BZWlztinjK8,,,,2024-11-26
,,SZgYQv9Jn2c,,,,2024-11-26
,,9zVMfK6eu54,,,,2024-11-26
,,Yt4pxHSb8MM,,,,2024-11-26
,,N6oAFjCtqLk,,,,2024-11-26
,,g9BP2v0yOXQ,,,,2024-11-26
,,Z82wOsIzdIo,,,,2024-11-26
,,7jBs-BQt6Tg,,,,2024-11-26
,,vnaLzWGHqCY,,,,2024-11-26
,,Vf_Gx2OtEic,,,,2024-11-26
,,vTffWDuttBM,,,,2024-11-26
,,jLqxTe6-Cy8,,,,2024-11-26
,,anfbfuHDiLg,,,,2024-11-26
,,fZxOmVSJNxw,,,,2024-11-26
,,UTJ650B6_mU,,,,2024-11-26
,,2yjI6qRvBLM,,,,2024-11-26
,,rLa-BiBQbDc,,,,2024-11-26
,,SX4lOX4G_vY,,,,2024-11-26
,,FvfeVGnxqDQ,,,,2024-11-26
,,-0y2zfKTpHY,,,,2024-11-26
,,bIVzlwJPacs,,,,2024-11-26
,,HUhYk2S7-RQ,,,,2024-11-26
,,tmiCUKKxTXU,,,,2024-11-26
,,uZdEJq4Bayw,,,,2024-11-26
,,MJ_PfD58LZE,,,,2024-11-26
,,tAHk5sRtL1w,,,,2024-11-26
,,U6vbSyvwjHU,,,,2024-11-26
,,gtcbQOIf6pE,,,,2024-11-26
,,qfcu2XQqI4M,,,,2024-11-26
,,ztlg6Q7Xxfs,,,,2024-11-26
,,NvzUzduF9IQ,,,,2024-11-26
,,1OtpKCgXphQ,,,,2024-11-26
,,EIB9SNDdoHA,,,,2024-11-26
,,hfOU5aeZdT4,,,,2024-11-26
,,OsF3imdMVIg,,,,2024-11-26
,,888k9_tmjkg,,,,2024-11-26
,,baathn1HOwQ,,,,2024-11-26
,,DJygErt-7bA,,,,2024-11-26
,,lsrxEHTReoM,,,,2024-11-26
,,gXjz8Bi9YRQ,,,,2024-11-26
,,CQNrMQnX8qE,,,,2024-11-26
,,GqUiQnob8Xw,,,,2024-11-26
,,uDYD4ovAYXY,,,,2024-11-26
,,Cmjiva77lAE,,,,2024-11-26
,,OkAV4NRVG3M,,,,2024-11-26
,,37BtpziRlx4,,,,2024-11-26
,,f2eNuQRQDNo,,,,2024-11-26
,,T4WYj5mRvgE,,,,2024-11-26
,,Nv4cDhnmgA0,,,,2024-11-26
,,zsDRhMLoLIQ,,,,2024-11-26
,,AFKncwuBQgs,,,,2024-11-26
,,2CTnU8aa94w,,,,2024-11-26
,,iy7S-g-U4uI,,,,2024-11-26
,,p42ecYzrGA8,,,,2024-11-26
,,DI6rp0k6VMA,,,,2024-11-26
,,7M6KtQYKUXI,,,,2024-11-26
,,HXWqfcMCyYQ,,,,2024-11-26
,,uaw2LVxoN9A,,,,2024-11-26
,,-mOMwizTcZ4,,,,2024-11-26
,,AfkyfMrn84Y,,,,2024-11-26
,,6cOqVRoU2Go,,,,2024-11-26
,,0kThPrWd3Ug,,,,2024-11-26
,,gvkcrUCKU_4,,,,2024-11-26
,,ytJfUgy7Q_c,,,,2024-11-26
,,zGOcbMzJT7g,,,,2024-11-26
,,9MYvsCwiSCw,,,,2024-11-26
,,WfvE8wzky88,,,,2024-11-26
,,kkUgXWT0MJs,,,,2024-11-26
,,jHNlX6B5B-o,,,,2024-11-26
,,QvQM1QaIUrA,,,,2024-11-26
,,1WhqMXc6h9M,,,,2024-11-26
,,SFGoFExFhSM,,,,2024-11-26
,,8mpCf4EQv10,,,,2024-11-26
,,nBohCgRvNiY,,,,2024-11-26
,,ov-a4lteqEA,,,,2024-11-26
,,UXgrAbUfig8,,,,2024-11-26
,,aIxtc9qjTME,,,,2024-11-26
,,CzbwgBhHXjE,,,,2024-11-26
,,WAzKyuOVmSk,,,,2024-11-26
,,5K2t61nNVdg,,,,2024-11-26
,,AUKJ1ew8Nqw,,,,2024-11-26
,,enpdS3kQejs,,,,2024-11-26
,,BKsJpWVOH24,,,,2024-11-26
,,6bqedt2PoEE,,,,2024-11-26
,,l8qicU0rRNQ,,,,2024-11-26
,,bYiq_v3ZeA8,,,,2024-11-26
,,wFP5JbPtyVc,,,,2024-11-26
,,-oxnB4mOcSw,,,,2024-11-26
,,oflZxMg5XBg,,,,2024-11-26
,,kROsPuvz8xw,,,,2024-11-26
,,uAueIjmhlOg,,,,2024-11-26
,,OIUZXn99-_4,,,,2024-11-26
,,_sLQEaQdEVg,,,,2024-11-26
,,Xjb1n8bi1GE,,,,2024-11-26
,,lhAZAoK2rxc,,,,2024-11-26
,,znRJluxlFtI,,,,2024-11-26
,,fPizUHSfV0g,,,,2024-11-26
,,AUJQGk5fgKk,,,,2024-11-26
,,0UGKLQN1ppk,,,,2024-11-26
,,corieY9i4dM,,,,2024-11-26
,,o2OMHFBQEGs,,,,2024-11-26
,,RdLJtHcENoY,,,,2024-11-26
,,0mkpI46NtoI,,,,2024-11-26
,,sjfbx21U4I4,,,,2024-11-26
,,pqw3YmbDBbA,,,,2024-11-26
,,eikjRYWHCK8,,,,2024-11-26
,,XDU6DSakAAg,,,,2024-11-26
,,A0GQu2UzD_Y,,,,2024-11-26
,,eXw3r0EFpS8,,,,2024-11-26
,,qpXc42LwHd8,,,,2024-11-26
,,ncPEDEup-2I,,,,2024-11-26
,,B1OOyNBnnME,,,,2024-11-26
,,FnpvMOlHNRM,,,,2024-11-26
,,aheSIUojHIc,,,,2024-11-26
,,APic1KJvMNg,,,,2024-11-26
,,p9Jg7sZUvrg,,,,2024-11-26
,,jZaHY3g5z7Q,,,,2024-11-26
,,RhlT7p9zqkY,,,,2024-11-26
,,E7hea50dJmc,,,,2024-11-26
,,CVxaHGEKORk,,,,2024-11-26
,,qBDIos805pY,,,,2024-11-26
,,eOilf8zqrVs,,,,2024-11-26
,,03pNU1j2NxU,,,,2024-11-26
,,_60eoaN-r9Y,,,,2024-11-26
,,PzzNOzU5jo0,,,,2024-11-26
,,TxBdCPLi8JA,,,,2024-11-26
,,5VNyme_4plo,,,,2024-11-26
,,McpYYewI-M0,,,,2024-11-26
,,11WiVc4P6zo,,,,2024-11-26
,,LNbiU-9bLNs,,,,2024-11-26
,,mxDBbC8yJcU,,,,2024-11-26
,,0-x4_qg6Dbk,,,,2024-11-26
,,bhxs3CpyKow,,,,2024-11-26
,,figlGht-4MQ,,,,2024-11-26
,,2pkQuMk2uTg,,,,2024-11-26
,,AWqGCA7OBwM,,,,2024-11-26
,,CxecfB12EPI,,,,2024-11-26
,,IkZP4f7I4gA,,,,2024-11-26
,,wYUCVJQtKhU,,,,2024-11-26
,,xdeRYzyvN1w,,,,2024-11-26
,,MwjyqBZ-6dE,,,,2024-11-26
,,hpoYRufHl7s,,,,2024-11-26
,,q_occTdjWgw,,,,2024-11-26
,,F1D8a0flpv0,,,,2024-11-26
,,FN09FVw1r_E,,,,2024-11-26
,,LmObmRp9mG8,,,,2024-11-26
,,gGaGjxstsbc,,,,2024-11-26
,,29rvOfTbC94,,,,2024-11-26
,,cMExlYhIHag,,,,2024-11-26
,,QL4GJ91dkmE,,,,2024-11-26
,,5FA1-5Hg6gI,,,,2024-11-26
,,fIgKqujtYAo,,,,2024-11-26
,,pgNKrfVm5XU,,,,2024-11-26
,,wqlA5oCaftI,,,,2024-11-26
,,A60DmaqnDIg,,,,2024-11-26
,,-I5Q_5u0BC0,,,,2024-11-26
,,_bJJhbsdYAA,,,,2024-11-26
,,NPhmuQwD4wY,,,,2024-11-26
,,ZL-_QjOQ5Rc,,,,2024-11-26
,,xXuAaUwnlbk,,,,2024-11-26
,,MfWt3nRAgSo,,,,2024-11-26
,,bXYWoxOBElg,,,,2024-11-26
,,2hpWMXkC9es,,,,2024-11-26
,,_QfxRnWnFWE,,,,2024-11-26
,,NYUI2lT1rzI,,,,2024-11-26
,,VCEc1RBO-Rw,,,,2024-11-26
,,0jE47axU9qE,,,,2024-11-26
,,OfBV4SGJqEE,,,,2024-11-26
,,5U8kf6Z7Btc,,,,2024-11-26
,,MONaRg3AENc,,,,2024-11-26
,,10cynVYJ6ZY,,,,2024-11-26
,,5T_FUOSZ1c0,,,,2024-11-26
,,Ey_waHi3cBA,,,,2024-11-26
,,fIYr31s1zME,,,,2024-11-26
,,_urStgB4ryA,,,,2024-11-26
,,uX4cfKZybCo,,,,2024-11-26
,,jur6XXlfsaY,,,,2024-11-26
,,onI-ds4c33I,,,,2024-11-26
,,G90OcXVk6Ag,,,,2024-11-26
,,LUu2Lrtcml0,,,,2024-11-26
,,V6xxVZ-fkUg,,,,2024-11-26
,,Itr304ySGe8,,,,2024-11-26
,,s4fmFozzRu8,,,,2024-11-26
,,IYsBiwuQKJ0,,,,2024-11-26
,,VhtNx1Kp1vs,,,,2024-11-26
,,QhPtjiSY4KI,,,,2024-11-26
,,EDZYy-jQcMg,,,,2024-11-26
,,bp9TICoHj-M,,,,2024-11-26
,,Omwn0sIUSes,,,,2024-11-26
,,nosgm3TtnqQ,,,,2024-11-26
,,_dMPz0Y-BIo,,,,2024-11-26
,,2W8ijU_bX1k,,,,2024-11-26
,,Qz0O_VrAKMs,,,,2024-11-26
,,KJoRomyQK4k,,,,2024-11-26
,,PNpZqUaPtWs,,,,2024-11-26
,,EgkOR-kooGs,,,,2024-11-26
,,AMBvmfObDJs,,,,2024-11-26
,,76kg3QtziYk,,,,2024-11-26
,,gOUy5Bmm6EQ,,,,2024-11-26
,,cGs5swSDvJ8,,,,2024-11-26
,,7FvO_AWtgXw,,,,2024-11-26
,,tRiyYtQnpjs,,,,2024-11-26
,,uKjJkiD3u0U,,,,2024-11-26
,,k7I20nDWCac,,,,2024-11-26
,,Wpye5a1-S1A,,,,2024-11-26
,,acAEzOWg3aM,,,,2024-11-26
,,sV9mngXXLa8,,,,2024-11-26
,,iDPKDEJKeFg,,,,2024-11-26
,,q3-GNcRN_7Q,,,,2024-11-26
,,J3kX_kEycNM,,,,2024-11-26
,,JEGd3UYz7Gk,,,,2024-11-26
,,fUuoDUK0xFY,,,,2024-11-26
,,ZB1f77q4j-c,,,,2024-11-26
,,qn2Ig_NH6mY,,,,2024-11-26
,,Uj2J6llh5oo,,,,2024-11-26
,,OYR2xdSwnqA,,,,2024-11-26
,,3rTt7OLSVZI,,,,2024-11-26
,,7pvL53_JdOA,,,,2024-11-26
,,6W56VKpICa0,,,,2024-11-26
,,wMsIVaXCQOk,,,,2024-11-26
,,GBimCh-gipU,,,,2024-11-26
,,ibD5gKKAm48,,,,2024-11-26
,,SowLIvc9lAM,,,,2024-11-26
,,Rt5hikIULDE,,,,2024-11-26
,,LdVMDVYfZRg,,,,2024-11-26
,,x1_v94wrk9g,,,,2024-11-26
,,HDWAYddBp64,,,,2024-11-26
,,1No9vR9QiZg,,,,2024-11-26
,,IBFDez02evc,,,,2024-11-26
,,9cHKi3VvjNo,,,,2024-11-26
,,DuygAOUIEpk,,,,2024-11-26
,,JvgwWb4zPJY,,,,2024-11-26
,,aj1kob4EW-g,,,,2024-11-26
,,284pILACWFc,,,,2024-11-26
,,k35upVg-SJg,,,,2024-11-26
,,YnFe6zjnOTY,,,,2024-11-26
,,k8NUnd8wqGw,,,,2024-11-26
,,ODznIoNQagA,,,,2024-11-26
,,NFW2XXtv0q0,,,,2024-11-26
,,msbtrmoTwSE,,,,2024-11-26
,,QkyhFnqnPs8,,,,2024-11-26
,,1_RzuRWMx-U,,,,2024-11-26
,,6OCXLyxM5uA,,,,2024-11-26
,,7Aa3nottx1Y,,,,2024-11-26
,,elco2CE-LCk,,,,2024-11-26
,,Z7TnUWFOL3g,,,,2024-11-26
,,eAi_ozMjo0E,,,,2024-11-26
,,aBq1trGDSSQ,,,,2024-11-26
,,YubknfDJTFg,,,,2024-11-26
,,HeYstAgQ3Uw,,,,2024-11-26
,,7kVj0bBIZn0,,,,2024-11-26
,,ca5qXRYLsVQ,,,,2024-11-26
,,T6ujaIV-ao8,,,,2024-11-26
,,5uzpi8cVnUw,,,,2024-11-26
,,h7wxiiufT5I,,,,2024-11-26
,,wZXM2xj2dmg,,,,2024-11-26
,,w_CxMjscGo4,,,,2024-11-26
,,Ai8p4SFOHVU,,,,2024-11-26
,,b9Ediu_1REo,,,,2024-11-26
,,6kzDA4KLUhI,,,,2024-11-26
,,J360JrFv9NE,,,,2024-11-26
,,NOumKcLR5RI,,,,2024-11-26
,,0Z-wU69CJJ8,,,,2024-11-26
,,qwbspnwWBwc,,,,2024-11-26
,,dqyzknqFISc,,,,2024-11-26
,,K_4mN1RsdfA,,,,2024-11-26
,,LjLB6ZJFxrg,,,,2024-11-26
,,ofYmL_2mluM,,,,2024-11-26
,,n9PKnOvWKdA,,,,2024-11-26
,,TGq3YKwhx3k,,,,2024-11-26
,,Fapiyp8_1p4,,,,2024-11-26
,,BJflUBUyD1I,,,,2024-11-26
,,liag_p1muvM,,,,2024-11-26
,,izzv8q51mqQ,,,,2024-11-26
,,xUHmZjbdMYk,,,,2024-11-26
,,NOk5WSlkQCg,,,,2024-11-26
,,dM1Jur5dIts,,,,2024-11-26
,,PtMPhCUthlY,,,,2024-11-26
,,PkFPsWl6XNU,,,,2024-11-26
,,G9RcrcRc_lk,,,,2024-11-26
,,1tiZ7-1wCZ0,,,,2024-11-26
,,57l3MYmBF_4,,,,2024-11-26
,,Vfzf3-CkWok,,,,2024-11-26
,,-PcySBnHpvk,,,,2024-11-26
,,NKG9NOCuhaE,,,,2024-11-26
,,ez8WiuTNVZ4,,,,2024-11-26
,,LLerlYGb6sc,,,,2024-11-26
,,o7Lf1XKsKEw,,,,2024-11-26
,,P1IWPJVaU24,,,,2024-11-26
,,pPdir4sX83s,,,,2024-11-26
,,Jf27qdVxfV4,,,,2024-11-26
,,3IlPOg0i9V8,,,,2024-11-26
,,S86BxtXxTWU,,,,2024-11-26
,,gbEFXaiU9-4,,,,2024-11-26
,,r48pPXJmUiY,,,,2024-11-26
,,iTPWsq1msBU,,,,2024-11-26
,,R65XUV5KPfw,,,,2024-11-26
,,zsswxoFT_7c,,,,2024-11-26
,,r475wtpF7rA,,,,2024-11-26
,,r_NMcynefAs,,,,2024-11-26
,,7D9bzeL1e48,,,,2024-11-26
,,AziOt399NQg,,,,2024-11-26
,,3vRfjFSOXMw,,,,2024-11-26
,,AeVHVUY79xE,,,,2024-11-26
,,RZRompH6pTk,,,,2024-11-26
,,eVmtBIEdcGw,,,,2024-11-26
,,L-5QTjLW21o,,,,2024-11-26
,,lRvQ9EK2NI0,,,,2024-11-26
,,LhlLNZot7rU,,,,2024-11-26
,,pw0_mFKBjkU,,,,2024-11-26
,,NiDnHlYR-js,,,,2024-11-26
,,dEpz_OiX7_4,,,,2024-11-26
,,61WX0gMXzds,,,,2024-11-26
,,DYTMzJ_aWqc,,,,2024-11-26
,,3hdZHJZNrzs,,,,2024-11-26
,,ZX1OF4uAc4w,,,,2024-11-26
,,O_J4dN2u42M,,,,2024-11-26
,,Y4uxeA-rrsA,,,,2024-11-26
,,pU6lc-WQMDs,,,,2024-11-26
,,fsIj3tURYQE,,,,2024-11-26
,,RPru_btJV1U,,,,2024-11-26
,,5A9vYI1R37M,,,,2024-11-26
,,C4xN33tV1AU,,,,2024-11-26
,,grwpmppa1v4,,,,2024-11-26
,,DIVajM6MjyQ,,,,2024-11-26
,,disZRo40YoE,,,,2024-11-26
,,T3p2_Y00SZQ,,,,2024-11-26
,,sTxo6VdTxts,,,,2024-11-26
,,SUOAffdZ68c,,,,2024-11-26
,,qiqlRKmo0GA,,,,2024-11-26
,,h9V4s8UJKcA,,,,2024-11-26
,,Qd0amInnOUE,,,,2024-11-26
,,exD17SUeR-E,,,,2024-11-26
,,nFV8zKF4LPY,,,,2024-11-26
,,Twb8BTTVPNY,,,,2024-11-26
,,ROSWAS5itD4,,,,2024-11-26
,,qbcy9P5I2mk,,,,2024-11-26
,,-uuuDkfOaTQ,,,,2024-11-26
,,I8JJCEkcG8Y,,,,2024-11-26
,,DTtzcC8Sdnw,,,,2024-11-26
,,v5UMRHrjxhM,,,,2024-11-26
,,vxGSqBNCCto,,,,2024-11-26
,,XylJMIqmO-Y,,,,2024-11-26
,,jZBw3P6itp8,,,,2024-11-26
,,GE0ZDXuBaT0,,,,2024-11-26
,,ud2umdYSQrM,,,,2024-11-26
,,zGFIWAykQRg,,,,2024-11-26
,,bmz34P4f4Og,,,,2024-11-26
,,cVEFHsrxQBY,,,,2024-11-26
,,1vygcvO3CPI,,,,2024-11-26
,,XDjADO9kIxM,,,,2024-11-26
,,4ozwR5Nbu7U,,,,2024-11-26
,,iXt_OXLa27E,,,,2024-11-26
,,nfjgdEbztjQ,,,,2024-11-26
,,Ri3W-LbWckg,,,,2024-11-26
,,8bLQSQdCp5g,,,,2024-11-26
,,68Zn4oLBCaU,,,,2024-11-26
,,a4e2J-M0EzI,,,,2024-11-26
,,-w4T9z1ZL2k,,,,2024-11-26
,,KqSjOXM-x7o,,,,2024-11-26
,,8K1jv6XMUpw,,,,2024-11-26
,,-CmSXVSjxkw,,,,2024-11-26
,,SbihsJVDFlk,,,,2024-11-26
,,RrBTKiKn4Ec,,,,2024-11-26
,,CsAUsTuAv6A,,,,2024-11-26
,,lqJMzFfoimg,,,,2024-11-26
,,Uw_wg7TyPdk,,,,2024-11-26
,,i4jMJd20Ck4,,,,2024-11-26
,,q0Rk_WfRnAs,,,,2024-11-26
,,zwL0Q9ogAKU,,,,2024-11-26
,,pUZbXwPH46Q,,,,2024-11-26
,,gwR6ClifQ8k,,,,2024-11-26
,,xTIlMYf1x50,,,,2024-11-26
,,80HZBtjTUS8,,,,2024-11-26
,,gNpn2BduZWc,,,,2024-11-26
,,UPOANotokls,,,,2024-11-26
,,DMWCeOUPksI,,,,2024-11-26
,,PSxPiyM8PgM,,,,2024-11-26
,,eOh142GGbKU,,,,2024-11-26
,,3Bk6s2QgPXc,,,,2024-11-26
,,QvnovXUdkVA,,,,2024-11-26
,,5sKVpmwkzdE,,,,2024-11-26
,,qJ-Wj3Xe3Pw,,,,2024-11-26
,,frkhU9R9860,,,,2024-11-26
,,CUvOO-YM06E,,,,2024-11-26
,,Oi8TYHjuuHY,,,,2024-11-26
,,hVcP_qdrI58,,,,2024-11-26
,,GryVpfZKE4M,,,,2024-11-26
,,zLiHN5g-AqY,,,,2024-11-26
,,SFQI7Zm4u7Y,,,,2024-11-26
,,aQ9jO7keiYw,,,,2024-11-26
,,fkLJdwJMQnw,,,,2024-11-26
,,UUxYi35jz7w,,,,2024-11-26
,,q492Ehvknio,,,,2024-11-26
,,-cIIQy1sZmY,,,,2024-11-26
,,kY9j93SuzoU,,,,2024-11-26
,,2NOV8a0Jb5Y,,,,2024-11-26
,,3vEtnhu92Fc,,,,2024-11-26
,,onJCs7XfXLI,,,,2024-11-26
,,9EORNIHCGWg,,,,2024-11-26
,,kmN4YvjThPQ,,,,2024-11-26
,,JnvvbPjv8_0,,,,2024-11-26
,,jlzQTaLxN2A,,,,2024-11-26
,,LUsk6SOgews,,,,2024-11-26
,,h-xjEWhVE04,,,,2024-11-26
,,OgaCYShpYCg,,,,2024-11-26
,,VGj0Z4YYFTw,,,,2024-11-26
,,mOG0s4P-ifY,,,,2024-11-26
,,t6FBpikqK88,,,,2024-11-26
,,6Rv5v1jgzDw,,,,2024-11-26
,,7k2kQKDPxso,,,,2024-11-26
,,H5uJSppvr2I,,,,2024-11-26
,,KrUaH2vJuI4,,,,2024-11-26
,,GP6RD4H4Mks,,,,2024-11-26
,,suNvXMEK454,,,,2024-11-26
,,BXd9SRTbTqM,,,,2024-11-26
,,VbFk92X00Qw,,,,2024-11-26
,,-WojoUUqY7s,,,,2024-11-26
,,7X4U4pB1ydI,,,,2024-11-26
,,yM731prA2g4,,,,2024-11-26
,,2Z9CXa00VCc,,,,2024-11-26
,,SSFO98lEQPs,,,,2024-11-26
,,tiVv_nYGHoE,,,,2024-11-26
,,5JuhWhCKItw,,,,2024-11-26
,,JKRTWBRjxYk,,,,2024-11-26
,,py--Rd8KVZE,,,,2024-11-26
,,YpNplgCHLpk,,,,2024-11-26
,,nwe7x8mlow0,,,,2024-11-26
,,GAN8WXVbYdY,,,,2024-11-26
,,cBD756xwRcY,,,,2024-11-26
,,EUZ745hdCdE,,,,2024-11-26
,,kSLmTSP48A0,,,,2024-11-26
,,xeNuMCy_qMU,,,,2024-11-26
,,gfI-qZ8nNNk,,,,2024-11-26
,,ogxqIAiVKPw,,,,2024-11-26
,,gt1r9Shzap4,,,,2024-11-26
,,wrl4qvYHRFo,,,,2024-11-26
,,qWw_orvTFOk,,,,2024-11-26
,,USpq2_ZAo_E,,,,2024-11-26
,,Qf1E8QicCSo,,,,2024-11-26
,,PwCN3bSx9UI,,,,2024-11-26
,,seIAWt4VETk,,,,2024-11-26
,,QgZ9z6zE_SQ,,,,2024-11-26
,,uHIu3tF4xeQ,,,,2024-11-26
,,QQIzU_Y9dTI,,,,2024-11-26
,,DFwgfbpBkjA,,,,2024-11-26
,,KghLIKx85mw,,,,2024-11-26
,,DYKD4tsb-mU,,,,2024-11-26
,,04pEB-zcPbg,,,,2024-11-26
,,EgFguH8KH_o,,,,2024-11-26
,,2l3Obo6s0xk,,,,2024-11-26
,,QzwmV7FwFWs,,,,2024-11-26
,,cPA9VMSixhk,,,,2024-11-26
,,lpE_AO9OLFg,,,,2024-11-26
,,PzZ11c1COHQ,,,,2024-11-26
,,BQdeNZuO0z0,,,,2024-11-26
,,F15FCTDLzuI,,,,2024-11-26
,,E20bp3mSado,,,,2024-11-26
,,z3krIB-TNYg,,,,2024-11-26
,,7Radt1dCqio,,,,2024-11-26
,,gi-qHhkJHYY,,,,2024-11-26
,,aq-xPXX5WNs,,,,2024-11-26
,,JooD65xNj5c,,,,2024-11-26
,,XWnPp1FcbJA,,,,2024-11-26
,,XouZGw84tgo,,,,2024-11-26
,,IeBCGpSemy4,,,,2024-11-26
,,JoYxwpjoWsU,,,,2024-11-26
,,pKtqulAZRAE,,,,2024-11-26
,,2mMyu6smDLM,,,,2024-11-26
,,xSExby3DWI0,,,,2024-11-26
,,1G5ebmelrr4,,,,2024-11-26
,,Vx6cbInoIt0,,,,2024-11-26
,,C8m2nTkkMjM,,,,2024-11-26
,,KOw5HszRNJA,,,,2024-11-26
,,oSWpG__hcaw,,,,2024-11-26
,,UVWnJx2AhMY,,,,2024-11-26
,,FcXzdreaw4c,,,,2024-11-26
,,Ifl05m6P6Io,,,,2024-11-26
,,WsMj4KvneLo,,,,2024-11-26
,,dijN6C_Zstk,,,,2024-11-26
,,wpb6hOp8Ygo,,,,2024-11-26
,,GTf4n5fE4T8,,,,2024-11-26
,,0lLV7EtnoZY,,,,2024-11-26
,,kEJNGHKkAQ0,,,,2024-11-26
,,6TmmkhQDYr0,,,,2024-11-26
,,sdf5JviDnfY,,,,2024-11-26
,,EKIsnKmuVfI,,,,2024-11-26
,,8ynTVPNgzw8,,,,2024-11-26
,,yt4Tb_RMJCc,,,,2024-11-26
,,fmMR8J8GvrI,,,,2024-11-26
,,4sua5sYV1rw,,,,2024-11-26
,,s2UZBUqvYGU,,,,2024-11-26
,,vDYJAYti2nY,,,,2024-11-26
,,hQcZC48_j0M,,,,2024-11-26
